path,width,height
/Users/Usuario/Code/master/tfm/res/dataset/lumos_x_541_670_dcm/lumos_x_656/lumos_x_656_1.Dcm,1838,3001
/Users/Usuario/Code/master/tfm/res/dataset/lumos_x_541_670_dcm/lumos_x_656/lumos_x_656_2.Dcm,2352,3001
/Users/Usuario/Code/master/tfm/res/dataset/lumos_x_541_670_dcm/lumos_x_669/lumos_x_669_1.Dcm,1764,2993
/Users/Usuario/Code/master/tfm/res/dataset/lumos_x_541_670_dcm/lumos_x_669/lumos_x_669_2.Dcm,1758,2981
/Users/Usuario/Code/master/tfm/res/dataset/lumos_x_541_670_dcm/lumos_x_651/lumos_x_651_1.Dcm,1152,2643
/Users/Usuario/Code/master/tfm/res/dataset/lumos_x_541_670_dcm/lumos_x_651/lumos_x_651_2.Dcm,1589,2409
/Users/Usuario/Code/master/tfm/res/dataset/lumos_x_541_670_dcm/lumos_x_667/lumos_x_667_1.Dcm,1772,2675
/Users/Usuario/Code/master/tfm/res/dataset/lumos_x_541_670_dcm/lumos_x_667/lumos_x_667_2.Dcm,1779,2622
/Users/Usuario/Code/master/tfm/res/dataset/lumos_x_541_670_dcm/lumos_x_658/lumos_x_658_1.Dcm,1686,2949
/Users/Usuario/Code/master/tfm/res/dataset/lumos_x_541_670_dcm/lumos_x_658/lumos_x_658_2.Dcm,1423,2950
/Users/Usuario/Code/master/tfm/res/dataset/lumos_x_541_670_dcm/lumos_x_660/lumos_x_660_1.Dcm,1609,2420
/Users/Usuario/Code/master/tfm/res/dataset/lumos_x_541_670_dcm/lumos_x_660/lumos_x_660_2.Dcm,2039,2651
/Users/Usuario/Code/master/tfm/res/dataset/lumos_x_541_670_dcm/lumos_x_634/lumos_x_634_1.Dcm,1756,3001
/Users/Usuario/Code/master/tfm/res/dataset/lumos_x_541_670_dcm/lumos_x_634/lumos_x_634_2.Dcm,1970,3001
/Users/Usuario/Code/master/tfm/res/dataset/lumos_x_541_670_dcm/lumos_x_633/lumos_x_633_1.Dcm,1792,2979
/Users/Usuario/Code/master/tfm/res/dataset/lumos_x_541_670_dcm/lumos_x_633/lumos_x_633_2.Dcm,1789,3001
/Users/Usuario/Code/master/tfm/res/dataset/lumos_x_541_670_dcm/lumos_x_605/lumos_x_605_1.Dcm,1668,2482
/Users/Usuario/Code/master/tfm/res/dataset/lumos_x_541_670_dcm/lumos_x_605/lumos_x_605_2.Dcm,2281,2968
/Users/Usuario/Code/master/tfm/res/dataset/lumos_x_541_670_dcm/lumos_x_602/lumos_x_602_1.Dcm,1713,2973
/Users/Usuario/Code/master/tfm/res/dataset/lumos_x_541_670_dcm/lumos_x_602/lumos_x_602_2.Dcm,2065,2979
/Users/Usuario/Code/master/tfm/res/dataset/lumos_x_541_670_dcm/lumos_x_661/lumos_x_661_1.Dcm,1669,2946
/Users/Usuario/Code/master/tfm/res/dataset/lumos_x_541_670_dcm/lumos_x_661/lumos_x_661_2.Dcm,1677,2941
/Users/Usuario/Code/master/tfm/res/dataset/lumos_x_541_670_dcm/lumos_x_666/lumos_x_666_1.Dcm,1414,2971
/Users/Usuario/Code/master/tfm/res/dataset/lumos_x_541_670_dcm/lumos_x_666/lumos_x_666_2.Dcm,1730,2964
/Users/Usuario/Code/master/tfm/res/dataset/lumos_x_541_670_dcm/lumos_x_659/lumos_x_659_1.Dcm,1728,2972
/Users/Usuario/Code/master/tfm/res/dataset/lumos_x_541_670_dcm/lumos_x_659/lumos_x_659_2.Dcm,1716,2984
/Users/Usuario/Code/master/tfm/res/dataset/lumos_x_541_670_dcm/lumos_x_650/lumos_x_650_1.Dcm,1640,2872
/Users/Usuario/Code/master/tfm/res/dataset/lumos_x_541_670_dcm/lumos_x_650/lumos_x_650_2.Dcm,1715,2871
/Users/Usuario/Code/master/tfm/res/dataset/lumos_x_541_670_dcm/lumos_x_657/lumos_x_657_1.Dcm,1740,2794
/Users/Usuario/Code/master/tfm/res/dataset/lumos_x_541_670_dcm/lumos_x_657/lumos_x_657_2.Dcm,2577,3001
/Users/Usuario/Code/master/tfm/res/dataset/lumos_x_541_670_dcm/lumos_x_668/lumos_x_668_1.Dcm,1779,2981
/Users/Usuario/Code/master/tfm/res/dataset/lumos_x_541_670_dcm/lumos_x_668/lumos_x_668_2.Dcm,1920,2988
/Users/Usuario/Code/master/tfm/res/dataset/lumos_x_541_670_dcm/lumos_x_603/lumos_x_603_1.Dcm,1503,2598
/Users/Usuario/Code/master/tfm/res/dataset/lumos_x_541_670_dcm/lumos_x_603/lumos_x_603_2.Dcm,1438,2372
/Users/Usuario/Code/master/tfm/res/dataset/lumos_x_541_670_dcm/lumos_x_604/lumos_x_604_1.Dcm,1615,3320
/Users/Usuario/Code/master/tfm/res/dataset/lumos_x_541_670_dcm/lumos_x_604/lumos_x_604_2.Dcm,2301,3320
/Users/Usuario/Code/master/tfm/res/dataset/lumos_x_541_670_dcm/lumos_x_632/lumos_x_632_1.Dcm,1739,2678
/Users/Usuario/Code/master/tfm/res/dataset/lumos_x_541_670_dcm/lumos_x_632/lumos_x_632_2.Dcm,2000,2694
/Users/Usuario/Code/master/tfm/res/dataset/lumos_x_541_670_dcm/lumos_x_635/lumos_x_635_1.Dcm,1950,2985
/Users/Usuario/Code/master/tfm/res/dataset/lumos_x_541_670_dcm/lumos_x_635/lumos_x_635_2.Dcm,2009,2978
/Users/Usuario/Code/master/tfm/res/dataset/lumos_x_541_670_dcm/lumos_x_581/lumos_x_581_1.Dcm,1616,2858
/Users/Usuario/Code/master/tfm/res/dataset/lumos_x_541_670_dcm/lumos_x_581/lumos_x_581_2.Dcm,2206,2954
/Users/Usuario/Code/master/tfm/res/dataset/lumos_x_541_670_dcm/lumos_x_575/lumos_x_575_1.Dcm,1290,2776
/Users/Usuario/Code/master/tfm/res/dataset/lumos_x_541_670_dcm/lumos_x_575/lumos_x_575_2.Dcm,1328,2554
/Users/Usuario/Code/master/tfm/res/dataset/lumos_x_541_670_dcm/lumos_x_572/lumos_x_572_1.Dcm,1724,2992
/Users/Usuario/Code/master/tfm/res/dataset/lumos_x_541_670_dcm/lumos_x_572/lumos_x_572_2.Dcm,1739,2987
/Users/Usuario/Code/master/tfm/res/dataset/lumos_x_541_670_dcm/lumos_x_586/lumos_x_586_1.Dcm,1674,2951
/Users/Usuario/Code/master/tfm/res/dataset/lumos_x_541_670_dcm/lumos_x_586/lumos_x_586_2.Dcm,1673,2950
/Users/Usuario/Code/master/tfm/res/dataset/lumos_x_541_670_dcm/lumos_x_544/lumos_x_544_1.Dcm,1921,2876
/Users/Usuario/Code/master/tfm/res/dataset/lumos_x_541_670_dcm/lumos_x_544/lumos_x_544_2.Dcm,1934,2663
/Users/Usuario/Code/master/tfm/res/dataset/lumos_x_541_670_dcm/lumos_x_543/lumos_x_543_1.Dcm,1693,2986
/Users/Usuario/Code/master/tfm/res/dataset/lumos_x_541_670_dcm/lumos_x_543/lumos_x_543_2.Dcm,2035,2990
/Users/Usuario/Code/master/tfm/res/dataset/lumos_x_541_670_dcm/lumos_x_588/lumos_x_588_1.Dcm,1750,2981
/Users/Usuario/Code/master/tfm/res/dataset/lumos_x_541_670_dcm/lumos_x_588/lumos_x_588_2.Dcm,2070,2977
/Users/Usuario/Code/master/tfm/res/dataset/lumos_x_541_670_dcm/lumos_x_542/lumos_x_542_1.Dcm,1374,2327
/Users/Usuario/Code/master/tfm/res/dataset/lumos_x_541_670_dcm/lumos_x_542/lumos_x_542_2.Dcm,1725,2981
/Users/Usuario/Code/master/tfm/res/dataset/lumos_x_541_670_dcm/lumos_x_589/lumos_x_589_1.Dcm,2056,2887
/Users/Usuario/Code/master/tfm/res/dataset/lumos_x_541_670_dcm/lumos_x_589/lumos_x_589_2.Dcm,1714,2887
/Users/Usuario/Code/master/tfm/res/dataset/lumos_x_541_670_dcm/lumos_x_545/lumos_x_545_1.Dcm,1435,2485
/Users/Usuario/Code/master/tfm/res/dataset/lumos_x_541_670_dcm/lumos_x_545/lumos_x_545_2.Dcm,1659,2348
/Users/Usuario/Code/master/tfm/res/dataset/lumos_x_541_670_dcm/lumos_x_587/lumos_x_587_1.Dcm,1667,2956
/Users/Usuario/Code/master/tfm/res/dataset/lumos_x_541_670_dcm/lumos_x_587/lumos_x_587_2.Dcm,1667,2558
/Users/Usuario/Code/master/tfm/res/dataset/lumos_x_541_670_dcm/lumos_x_573/lumos_x_573_1.Dcm,1429,2359
/Users/Usuario/Code/master/tfm/res/dataset/lumos_x_541_670_dcm/lumos_x_573/lumos_x_573_2.Dcm,1497,2099
/Users/Usuario/Code/master/tfm/res/dataset/lumos_x_541_670_dcm/lumos_x_574/lumos_x_574_1.Dcm,1595,2978
/Users/Usuario/Code/master/tfm/res/dataset/lumos_x_541_670_dcm/lumos_x_574/lumos_x_574_2.Dcm,2266,3001
/Users/Usuario/Code/master/tfm/res/dataset/lumos_x_541_670_dcm/lumos_x_580/lumos_x_580_1.Dcm,1673,2989
/Users/Usuario/Code/master/tfm/res/dataset/lumos_x_541_670_dcm/lumos_x_580/lumos_x_580_2.Dcm,1760,2981
/Users/Usuario/Code/master/tfm/res/dataset/lumos_x_541_670_dcm/lumos_x_569/lumos_x_569_1.Dcm,1410,2268
/Users/Usuario/Code/master/tfm/res/dataset/lumos_x_541_670_dcm/lumos_x_569/lumos_x_569_2.Dcm,1686,2485
/Users/Usuario/Code/master/tfm/res/dataset/lumos_x_541_670_dcm/lumos_x_556/lumos_x_556_1.Dcm,1776,2703
/Users/Usuario/Code/master/tfm/res/dataset/lumos_x_541_670_dcm/lumos_x_556/lumos_x_556_2.Dcm,2111,2677
/Users/Usuario/Code/master/tfm/res/dataset/lumos_x_541_670_dcm/lumos_x_551/lumos_x_551_1.Dcm,1704,2984
/Users/Usuario/Code/master/tfm/res/dataset/lumos_x_541_670_dcm/lumos_x_551/lumos_x_551_2.Dcm,1729,3001
/Users/Usuario/Code/master/tfm/res/dataset/lumos_x_541_670_dcm/lumos_x_558/lumos_x_558_1.Dcm,1472,2637
/Users/Usuario/Code/master/tfm/res/dataset/lumos_x_541_670_dcm/lumos_x_558/lumos_x_558_2.Dcm,1865,2763
/Users/Usuario/Code/master/tfm/res/dataset/lumos_x_541_670_dcm/lumos_x_593/lumos_x_593_1.Dcm,1863,2744
/Users/Usuario/Code/master/tfm/res/dataset/lumos_x_541_670_dcm/lumos_x_593/lumos_x_593_2.Dcm,1827,2570
/Users/Usuario/Code/master/tfm/res/dataset/lumos_x_541_670_dcm/lumos_x_567/lumos_x_567_1.Dcm,2002,3320
/Users/Usuario/Code/master/tfm/res/dataset/lumos_x_541_670_dcm/lumos_x_567/lumos_x_567_2.Dcm,2025,3320
/Users/Usuario/Code/master/tfm/res/dataset/lumos_x_541_670_dcm/lumos_x_560/lumos_x_560_1.Dcm,1850,2999
/Users/Usuario/Code/master/tfm/res/dataset/lumos_x_541_670_dcm/lumos_x_560/lumos_x_560_2.Dcm,1733,2661
/Users/Usuario/Code/master/tfm/res/dataset/lumos_x_541_670_dcm/lumos_x_594/lumos_x_594_1.Dcm,1794,3001
/Users/Usuario/Code/master/tfm/res/dataset/lumos_x_541_670_dcm/lumos_x_594/lumos_x_594_2.Dcm,2065,3001
/Users/Usuario/Code/master/tfm/res/dataset/lumos_x_541_670_dcm/lumos_x_595/lumos_x_595_1.Dcm,1773,3001
/Users/Usuario/Code/master/tfm/res/dataset/lumos_x_541_670_dcm/lumos_x_595/lumos_x_595_2.Dcm,1777,3001
/Users/Usuario/Code/master/tfm/res/dataset/lumos_x_541_670_dcm/lumos_x_561/lumos_x_561_1.Dcm,1714,2948
/Users/Usuario/Code/master/tfm/res/dataset/lumos_x_541_670_dcm/lumos_x_561/lumos_x_561_2.Dcm,1891,2945
/Users/Usuario/Code/master/tfm/res/dataset/lumos_x_541_670_dcm/lumos_x_559/lumos_x_559_1.Dcm,1390,2619
/Users/Usuario/Code/master/tfm/res/dataset/lumos_x_541_670_dcm/lumos_x_559/lumos_x_559_2.Dcm,1955,2578
/Users/Usuario/Code/master/tfm/res/dataset/lumos_x_541_670_dcm/lumos_x_566/lumos_x_566_1.Dcm,1882,2933
/Users/Usuario/Code/master/tfm/res/dataset/lumos_x_541_670_dcm/lumos_x_566/lumos_x_566_2.Dcm,2038,2943
/Users/Usuario/Code/master/tfm/res/dataset/lumos_x_541_670_dcm/lumos_x_592/lumos_x_592_1.Dcm,1942,3320
/Users/Usuario/Code/master/tfm/res/dataset/lumos_x_541_670_dcm/lumos_x_592/lumos_x_592_2.Dcm,1974,3320
/Users/Usuario/Code/master/tfm/res/dataset/lumos_x_541_670_dcm/lumos_x_550/lumos_x_550_1.Dcm,1960,2884
/Users/Usuario/Code/master/tfm/res/dataset/lumos_x_541_670_dcm/lumos_x_550/lumos_x_550_2.Dcm,1922,3320
/Users/Usuario/Code/master/tfm/res/dataset/lumos_x_541_670_dcm/lumos_x_568/lumos_x_568_1.Dcm,1744,2989
/Users/Usuario/Code/master/tfm/res/dataset/lumos_x_541_670_dcm/lumos_x_568/lumos_x_568_2.Dcm,1738,2978
/Users/Usuario/Code/master/tfm/res/dataset/lumos_x_541_670_dcm/lumos_x_557/lumos_x_557_1.Dcm,1912,3320
/Users/Usuario/Code/master/tfm/res/dataset/lumos_x_541_670_dcm/lumos_x_557/lumos_x_557_2.Dcm,1922,3320
/Users/Usuario/Code/master/tfm/res/dataset/lumos_x_541_670_dcm/lumos_x_617/lumos_x_617_1.Dcm,1734,2945
/Users/Usuario/Code/master/tfm/res/dataset/lumos_x_541_670_dcm/lumos_x_617/lumos_x_617_2.Dcm,2168,2943
/Users/Usuario/Code/master/tfm/res/dataset/lumos_x_541_670_dcm/lumos_x_628/lumos_x_628_1.Dcm,1797,2975
/Users/Usuario/Code/master/tfm/res/dataset/lumos_x_541_670_dcm/lumos_x_628/lumos_x_628_2.Dcm,2015,3001
/Users/Usuario/Code/master/tfm/res/dataset/lumos_x_541_670_dcm/lumos_x_610/lumos_x_610_1.Dcm,1698,2989
/Users/Usuario/Code/master/tfm/res/dataset/lumos_x_541_670_dcm/lumos_x_610/lumos_x_610_2.Dcm,1700,2978
/Users/Usuario/Code/master/tfm/res/dataset/lumos_x_541_670_dcm/lumos_x_626/lumos_x_626_1.Dcm,1757,2977
/Users/Usuario/Code/master/tfm/res/dataset/lumos_x_541_670_dcm/lumos_x_626/lumos_x_626_2.Dcm,1936,3001
/Users/Usuario/Code/master/tfm/res/dataset/lumos_x_541_670_dcm/lumos_x_619/lumos_x_619_1.Dcm,1901,3320
/Users/Usuario/Code/master/tfm/res/dataset/lumos_x_541_670_dcm/lumos_x_619/lumos_x_619_2.Dcm,2132,3320
/Users/Usuario/Code/master/tfm/res/dataset/lumos_x_541_670_dcm/lumos_x_621/lumos_x_621_1.Dcm,1676,2990
/Users/Usuario/Code/master/tfm/res/dataset/lumos_x_541_670_dcm/lumos_x_621/lumos_x_621_2.Dcm,1684,2993
/Users/Usuario/Code/master/tfm/res/dataset/lumos_x_541_670_dcm/lumos_x_644/lumos_x_644_1.Dcm,1603,2800
/Users/Usuario/Code/master/tfm/res/dataset/lumos_x_541_670_dcm/lumos_x_644/lumos_x_644_2.Dcm,1910,2864
/Users/Usuario/Code/master/tfm/res/dataset/lumos_x_541_670_dcm/lumos_x_643/lumos_x_643_1.Dcm,1782,2304
/Users/Usuario/Code/master/tfm/res/dataset/lumos_x_541_670_dcm/lumos_x_643/lumos_x_643_2.Dcm,1883,2107
/Users/Usuario/Code/master/tfm/res/dataset/lumos_x_541_670_dcm/lumos_x_620/lumos_x_620_1.Dcm,1762,2998
/Users/Usuario/Code/master/tfm/res/dataset/lumos_x_541_670_dcm/lumos_x_620/lumos_x_620_2.Dcm,1400,3001
/Users/Usuario/Code/master/tfm/res/dataset/lumos_x_541_670_dcm/lumos_x_627/lumos_x_627_1.Dcm,1667,3001
/Users/Usuario/Code/master/tfm/res/dataset/lumos_x_541_670_dcm/lumos_x_627/lumos_x_627_2.Dcm,1953,2622
/Users/Usuario/Code/master/tfm/res/dataset/lumos_x_541_670_dcm/lumos_x_618/lumos_x_618_1.Dcm,1952,3320
/Users/Usuario/Code/master/tfm/res/dataset/lumos_x_541_670_dcm/lumos_x_618/lumos_x_618_2.Dcm,1982,3320
/Users/Usuario/Code/master/tfm/res/dataset/lumos_x_541_670_dcm/lumos_x_611/lumos_x_611_1.Dcm,1479,2978
/Users/Usuario/Code/master/tfm/res/dataset/lumos_x_541_670_dcm/lumos_x_611/lumos_x_611_2.Dcm,1879,2725
/Users/Usuario/Code/master/tfm/res/dataset/lumos_x_541_670_dcm/lumos_x_616/lumos_x_616_1.Dcm,1382,2336
/Users/Usuario/Code/master/tfm/res/dataset/lumos_x_541_670_dcm/lumos_x_616/lumos_x_616_2.Dcm,1781,2047
/Users/Usuario/Code/master/tfm/res/dataset/lumos_x_541_670_dcm/lumos_x_629/lumos_x_629_1.Dcm,1481,2339
/Users/Usuario/Code/master/tfm/res/dataset/lumos_x_541_670_dcm/lumos_x_629/lumos_x_629_2.Dcm,1728,2614
/Users/Usuario/Code/master/tfm/res/dataset/lumos_x_541_670_dcm/lumos_x_642/lumos_x_642_1.Dcm,1679,2958
/Users/Usuario/Code/master/tfm/res/dataset/lumos_x_541_670_dcm/lumos_x_642/lumos_x_642_2.Dcm,1419,2409
/Users/Usuario/Code/master/tfm/res/dataset/lumos_x_541_670_dcm/lumos_x_645/lumos_x_645_1.Dcm,1748,3001
/Users/Usuario/Code/master/tfm/res/dataset/lumos_x_541_670_dcm/lumos_x_645/lumos_x_645_2.Dcm,1746,3001
/Users/Usuario/Code/master/tfm/res/dataset/lumos_x_541_670_dcm/lumos_x_630/lumos_x_630_1.Dcm,1673,2951
/Users/Usuario/Code/master/tfm/res/dataset/lumos_x_541_670_dcm/lumos_x_630/lumos_x_630_2.Dcm,1677,2974
/Users/Usuario/Code/master/tfm/res/dataset/lumos_x_541_670_dcm/lumos_x_608/lumos_x_608_1.Dcm,1620,3295
/Users/Usuario/Code/master/tfm/res/dataset/lumos_x_541_670_dcm/lumos_x_608/lumos_x_608_2.Dcm,1952,2887
/Users/Usuario/Code/master/tfm/res/dataset/lumos_x_541_670_dcm/lumos_x_637/lumos_x_637_1.Dcm,1619,2652
/Users/Usuario/Code/master/tfm/res/dataset/lumos_x_541_670_dcm/lumos_x_637/lumos_x_637_2.Dcm,1591,2669
/Users/Usuario/Code/master/tfm/res/dataset/lumos_x_541_670_dcm/lumos_x_601/lumos_x_601_1.Dcm,1706,2970
/Users/Usuario/Code/master/tfm/res/dataset/lumos_x_541_670_dcm/lumos_x_601/lumos_x_601_2.Dcm,1715,2985
/Users/Usuario/Code/master/tfm/res/dataset/lumos_x_541_670_dcm/lumos_x_639/lumos_x_639_1.Dcm,2274,2938
/Users/Usuario/Code/master/tfm/res/dataset/lumos_x_541_670_dcm/lumos_x_639/lumos_x_639_2.Dcm,2657,2930
/Users/Usuario/Code/master/tfm/res/dataset/lumos_x_541_670_dcm/lumos_x_639/lumos_x_639_3.Dcm,1688,2941
/Users/Usuario/Code/master/tfm/res/dataset/lumos_x_541_670_dcm/lumos_x_606/lumos_x_606_1.Dcm,1500,2965
/Users/Usuario/Code/master/tfm/res/dataset/lumos_x_541_670_dcm/lumos_x_606/lumos_x_606_2.Dcm,1649,2969
/Users/Usuario/Code/master/tfm/res/dataset/lumos_x_541_670_dcm/lumos_x_652/lumos_x_652_1.Dcm,1373,2230
/Users/Usuario/Code/master/tfm/res/dataset/lumos_x_541_670_dcm/lumos_x_652/lumos_x_652_2.Dcm,1368,2109
/Users/Usuario/Code/master/tfm/res/dataset/lumos_x_541_670_dcm/lumos_x_655/lumos_x_655_1.Dcm,1614,2708
/Users/Usuario/Code/master/tfm/res/dataset/lumos_x_541_670_dcm/lumos_x_655/lumos_x_655_2.Dcm,1731,2707
/Users/Usuario/Code/master/tfm/res/dataset/lumos_x_541_670_dcm/lumos_x_663/lumos_x_663_1.Dcm,1768,2976
/Users/Usuario/Code/master/tfm/res/dataset/lumos_x_541_670_dcm/lumos_x_663/lumos_x_663_2.Dcm,1751,3001
/Users/Usuario/Code/master/tfm/res/dataset/lumos_x_541_670_dcm/lumos_x_664/lumos_x_664_1.Dcm,1374,2478
/Users/Usuario/Code/master/tfm/res/dataset/lumos_x_541_670_dcm/lumos_x_664/lumos_x_664_2.Dcm,1764,2507
/Users/Usuario/Code/master/tfm/res/dataset/lumos_x_541_670_dcm/lumos_x_638/lumos_x_638_1.Dcm,1877,2978
/Users/Usuario/Code/master/tfm/res/dataset/lumos_x_541_670_dcm/lumos_x_638/lumos_x_638_2.Dcm,1814,2976
/Users/Usuario/Code/master/tfm/res/dataset/lumos_x_541_670_dcm/lumos_x_607/lumos_x_607_1.Dcm,1688,2991
/Users/Usuario/Code/master/tfm/res/dataset/lumos_x_541_670_dcm/lumos_x_607/lumos_x_607_2.Dcm,2128,2982
/Users/Usuario/Code/master/tfm/res/dataset/lumos_x_541_670_dcm/lumos_x_609/lumos_x_609_1.Dcm,1770,3001
/Users/Usuario/Code/master/tfm/res/dataset/lumos_x_541_670_dcm/lumos_x_609/lumos_x_609_2.Dcm,1778,2974
/Users/Usuario/Code/master/tfm/res/dataset/lumos_x_541_670_dcm/lumos_x_636/lumos_x_636_1.Dcm,1594,2704
/Users/Usuario/Code/master/tfm/res/dataset/lumos_x_541_670_dcm/lumos_x_636/lumos_x_636_2.Dcm,1615,2623
/Users/Usuario/Code/master/tfm/res/dataset/lumos_x_541_670_dcm/lumos_x_631/lumos_x_631_1.Dcm,1745,2989
/Users/Usuario/Code/master/tfm/res/dataset/lumos_x_541_670_dcm/lumos_x_631/lumos_x_631_2.Dcm,1338,2464
/Users/Usuario/Code/master/tfm/res/dataset/lumos_x_541_670_dcm/lumos_x_665/lumos_x_665_1.Dcm,1728,2940
/Users/Usuario/Code/master/tfm/res/dataset/lumos_x_541_670_dcm/lumos_x_665/lumos_x_665_2.Dcm,1746,2944
/Users/Usuario/Code/master/tfm/res/dataset/lumos_x_541_670_dcm/lumos_x_662/lumos_x_662_1.Dcm,1767,2646
/Users/Usuario/Code/master/tfm/res/dataset/lumos_x_541_670_dcm/lumos_x_662/lumos_x_662_2.Dcm,1713,2780
/Users/Usuario/Code/master/tfm/res/dataset/lumos_x_541_670_dcm/lumos_x_654/lumos_x_654_1.Dcm,1372,2664
/Users/Usuario/Code/master/tfm/res/dataset/lumos_x_541_670_dcm/lumos_x_654/lumos_x_654_2.Dcm,1577,2499
/Users/Usuario/Code/master/tfm/res/dataset/lumos_x_541_670_dcm/lumos_x_653/lumos_x_653_1.Dcm,1736,2943
/Users/Usuario/Code/master/tfm/res/dataset/lumos_x_541_670_dcm/lumos_x_653/lumos_x_653_2.Dcm,1725,2940
/Users/Usuario/Code/master/tfm/res/dataset/lumos_x_541_670_dcm/lumos_x_571/lumos_x_571_1.Dcm,1276,2586
/Users/Usuario/Code/master/tfm/res/dataset/lumos_x_541_670_dcm/lumos_x_571/lumos_x_571_2.Dcm,1594,2087
/Users/Usuario/Code/master/tfm/res/dataset/lumos_x_541_670_dcm/lumos_x_585/lumos_x_585_1.Dcm,1424,2988
/Users/Usuario/Code/master/tfm/res/dataset/lumos_x_541_670_dcm/lumos_x_585/lumos_x_585_2.Dcm,1837,2984
/Users/Usuario/Code/master/tfm/res/dataset/lumos_x_541_670_dcm/lumos_x_582/lumos_x_582_1.Dcm,1776,3001
/Users/Usuario/Code/master/tfm/res/dataset/lumos_x_541_670_dcm/lumos_x_582/lumos_x_582_2.Dcm,1780,3001
/Users/Usuario/Code/master/tfm/res/dataset/lumos_x_541_670_dcm/lumos_x_576/lumos_x_576_1.Dcm,1730,2994
/Users/Usuario/Code/master/tfm/res/dataset/lumos_x_541_670_dcm/lumos_x_576/lumos_x_576_2.Dcm,1847,3001
/Users/Usuario/Code/master/tfm/res/dataset/lumos_x_541_670_dcm/lumos_x_549/lumos_x_549_1.Dcm,1777,3001
/Users/Usuario/Code/master/tfm/res/dataset/lumos_x_541_670_dcm/lumos_x_549/lumos_x_549_2.Dcm,1690,3001
/Users/Usuario/Code/master/tfm/res/dataset/lumos_x_541_670_dcm/lumos_x_547/lumos_x_547_1.Dcm,1741,2969
/Users/Usuario/Code/master/tfm/res/dataset/lumos_x_541_670_dcm/lumos_x_547/lumos_x_547_2.Dcm,1761,2978
/Users/Usuario/Code/master/tfm/res/dataset/lumos_x_541_670_dcm/lumos_x_578/lumos_x_578_1.Dcm,1768,3001
/Users/Usuario/Code/master/tfm/res/dataset/lumos_x_541_670_dcm/lumos_x_578/lumos_x_578_2.Dcm,2163,2892
/Users/Usuario/Code/master/tfm/res/dataset/lumos_x_541_670_dcm/lumos_x_546/lumos_x_546_1.Dcm,1724,2988
/Users/Usuario/Code/master/tfm/res/dataset/lumos_x_541_670_dcm/lumos_x_546/lumos_x_546_2.Dcm,1727,2989
/Users/Usuario/Code/master/tfm/res/dataset/lumos_x_541_670_dcm/lumos_x_579/lumos_x_579_1.Dcm,1619,2832
/Users/Usuario/Code/master/tfm/res/dataset/lumos_x_541_670_dcm/lumos_x_579/lumos_x_579_2.Dcm,1567,2470
/Users/Usuario/Code/master/tfm/res/dataset/lumos_x_541_670_dcm/lumos_x_541/lumos_x_541_1.Dcm,1800,2622
/Users/Usuario/Code/master/tfm/res/dataset/lumos_x_541_670_dcm/lumos_x_541/lumos_x_541_2.Dcm,1782,2381
/Users/Usuario/Code/master/tfm/res/dataset/lumos_x_541_670_dcm/lumos_x_577/lumos_x_577_1.Dcm,1699,2996
/Users/Usuario/Code/master/tfm/res/dataset/lumos_x_541_670_dcm/lumos_x_577/lumos_x_577_2.Dcm,1706,2998
/Users/Usuario/Code/master/tfm/res/dataset/lumos_x_541_670_dcm/lumos_x_583/lumos_x_583_1.Dcm,1520,2722
/Users/Usuario/Code/master/tfm/res/dataset/lumos_x_541_670_dcm/lumos_x_583/lumos_x_583_2.Dcm,1614,2804
/Users/Usuario/Code/master/tfm/res/dataset/lumos_x_541_670_dcm/lumos_x_548/lumos_x_548_1.Dcm,1708,2989
/Users/Usuario/Code/master/tfm/res/dataset/lumos_x_541_670_dcm/lumos_x_548/lumos_x_548_2.Dcm,2128,2993
/Users/Usuario/Code/master/tfm/res/dataset/lumos_x_541_670_dcm/lumos_x_584/lumos_x_584_1.Dcm,1546,2804
/Users/Usuario/Code/master/tfm/res/dataset/lumos_x_541_670_dcm/lumos_x_584/lumos_x_584_2.Dcm,1763,2594
/Users/Usuario/Code/master/tfm/res/dataset/lumos_x_541_670_dcm/lumos_x_570/lumos_x_570_1.Dcm,1707,2977
/Users/Usuario/Code/master/tfm/res/dataset/lumos_x_541_670_dcm/lumos_x_570/lumos_x_570_2.Dcm,1748,2987
/Users/Usuario/Code/master/tfm/res/dataset/lumos_x_541_670_dcm/lumos_x_599/lumos_x_599_1.Dcm,1740,3001
/Users/Usuario/Code/master/tfm/res/dataset/lumos_x_541_670_dcm/lumos_x_599/lumos_x_599_2.Dcm,1730,2992
/Users/Usuario/Code/master/tfm/res/dataset/lumos_x_541_670_dcm/lumos_x_552/lumos_x_552_1.Dcm,1746,2989
/Users/Usuario/Code/master/tfm/res/dataset/lumos_x_541_670_dcm/lumos_x_552/lumos_x_552_2.Dcm,2062,2996
/Users/Usuario/Code/master/tfm/res/dataset/lumos_x_541_670_dcm/lumos_x_555/lumos_x_555_1.Dcm,1450,2976
/Users/Usuario/Code/master/tfm/res/dataset/lumos_x_541_670_dcm/lumos_x_555/lumos_x_555_2.Dcm,1529,2975
/Users/Usuario/Code/master/tfm/res/dataset/lumos_x_541_670_dcm/lumos_x_563/lumos_x_563_1.Dcm,1527,2589
/Users/Usuario/Code/master/tfm/res/dataset/lumos_x_541_670_dcm/lumos_x_563/lumos_x_563_2.Dcm,1869,2506
/Users/Usuario/Code/master/tfm/res/dataset/lumos_x_541_670_dcm/lumos_x_597/lumos_x_597_1.Dcm,1534,2966
/Users/Usuario/Code/master/tfm/res/dataset/lumos_x_541_670_dcm/lumos_x_597/lumos_x_597_2.Dcm,1639,2642
/Users/Usuario/Code/master/tfm/res/dataset/lumos_x_541_670_dcm/lumos_x_590/lumos_x_590_1.Dcm,1768,2977
/Users/Usuario/Code/master/tfm/res/dataset/lumos_x_541_670_dcm/lumos_x_590/lumos_x_590_2.Dcm,1771,2978
/Users/Usuario/Code/master/tfm/res/dataset/lumos_x_541_670_dcm/lumos_x_564/lumos_x_564_1.Dcm,1699,2968
/Users/Usuario/Code/master/tfm/res/dataset/lumos_x_541_670_dcm/lumos_x_564/lumos_x_564_2.Dcm,1680,2987
/Users/Usuario/Code/master/tfm/res/dataset/lumos_x_541_670_dcm/lumos_x_565/lumos_x_565_1.Dcm,1728,2988
/Users/Usuario/Code/master/tfm/res/dataset/lumos_x_541_670_dcm/lumos_x_565/lumos_x_565_2.Dcm,2236,2983
/Users/Usuario/Code/master/tfm/res/dataset/lumos_x_541_670_dcm/lumos_x_591/lumos_x_591_1.Dcm,1672,2978
/Users/Usuario/Code/master/tfm/res/dataset/lumos_x_541_670_dcm/lumos_x_591/lumos_x_591_2.Dcm,1674,2977
/Users/Usuario/Code/master/tfm/res/dataset/lumos_x_541_670_dcm/lumos_x_596/lumos_x_596_1.Dcm,1769,3001
/Users/Usuario/Code/master/tfm/res/dataset/lumos_x_541_670_dcm/lumos_x_596/lumos_x_596_2.Dcm,1623,3001
/Users/Usuario/Code/master/tfm/res/dataset/lumos_x_541_670_dcm/lumos_x_562/lumos_x_562_1.Dcm,1759,2978
/Users/Usuario/Code/master/tfm/res/dataset/lumos_x_541_670_dcm/lumos_x_562/lumos_x_562_2.Dcm,1783,2978
/Users/Usuario/Code/master/tfm/res/dataset/lumos_x_541_670_dcm/lumos_x_554/lumos_x_554_1.Dcm,1639,2715
/Users/Usuario/Code/master/tfm/res/dataset/lumos_x_541_670_dcm/lumos_x_554/lumos_x_554_2.Dcm,1738,2703
/Users/Usuario/Code/master/tfm/res/dataset/lumos_x_541_670_dcm/lumos_x_598/lumos_x_598_1.Dcm,1685,2920
/Users/Usuario/Code/master/tfm/res/dataset/lumos_x_541_670_dcm/lumos_x_598/lumos_x_598_2.Dcm,1685,2906
/Users/Usuario/Code/master/tfm/res/dataset/lumos_x_541_670_dcm/lumos_x_553/lumos_x_553_1.Dcm,1301,2781
/Users/Usuario/Code/master/tfm/res/dataset/lumos_x_541_670_dcm/lumos_x_553/lumos_x_553_2.Dcm,1427,2515
/Users/Usuario/Code/master/tfm/res/dataset/lumos_x_541_670_dcm/lumos_x_649/lumos_x_649_1.Dcm,1778,2542
/Users/Usuario/Code/master/tfm/res/dataset/lumos_x_541_670_dcm/lumos_x_649/lumos_x_649_2.Dcm,1686,2978
/Users/Usuario/Code/master/tfm/res/dataset/lumos_x_541_670_dcm/lumos_x_640/lumos_x_640_1.Dcm,1723,2986
/Users/Usuario/Code/master/tfm/res/dataset/lumos_x_541_670_dcm/lumos_x_640/lumos_x_640_2.Dcm,1726,2989
/Users/Usuario/Code/master/tfm/res/dataset/lumos_x_541_670_dcm/lumos_x_647/lumos_x_647_1.Dcm,1589,3001
/Users/Usuario/Code/master/tfm/res/dataset/lumos_x_541_670_dcm/lumos_x_647/lumos_x_647_2.Dcm,1778,3001
/Users/Usuario/Code/master/tfm/res/dataset/lumos_x_541_670_dcm/lumos_x_613/lumos_x_613_1.Dcm,1735,2685
/Users/Usuario/Code/master/tfm/res/dataset/lumos_x_541_670_dcm/lumos_x_613/lumos_x_613_2.Dcm,1914,2624
/Users/Usuario/Code/master/tfm/res/dataset/lumos_x_541_670_dcm/lumos_x_614/lumos_x_614_1.Dcm,1691,2964
/Users/Usuario/Code/master/tfm/res/dataset/lumos_x_541_670_dcm/lumos_x_614/lumos_x_614_2.Dcm,1717,2967
/Users/Usuario/Code/master/tfm/res/dataset/lumos_x_541_670_dcm/lumos_x_622/lumos_x_622_1.Dcm,1747,2986
/Users/Usuario/Code/master/tfm/res/dataset/lumos_x_541_670_dcm/lumos_x_622/lumos_x_622_2.Dcm,1757,2988
/Users/Usuario/Code/master/tfm/res/dataset/lumos_x_541_670_dcm/lumos_x_625/lumos_x_625_1.Dcm,1287,2685
/Users/Usuario/Code/master/tfm/res/dataset/lumos_x_541_670_dcm/lumos_x_625/lumos_x_625_2.Dcm,1705,2494
/Users/Usuario/Code/master/tfm/res/dataset/lumos_x_541_670_dcm/lumos_x_646/lumos_x_646_1.Dcm,1850,2982
/Users/Usuario/Code/master/tfm/res/dataset/lumos_x_541_670_dcm/lumos_x_646/lumos_x_646_2.Dcm,1669,2982
/Users/Usuario/Code/master/tfm/res/dataset/lumos_x_541_670_dcm/lumos_x_641/lumos_x_641_1.Dcm,1723,2975
/Users/Usuario/Code/master/tfm/res/dataset/lumos_x_541_670_dcm/lumos_x_641/lumos_x_641_2.Dcm,1850,2971
/Users/Usuario/Code/master/tfm/res/dataset/lumos_x_541_670_dcm/lumos_x_648/lumos_x_648_1.Dcm,1761,3001
/Users/Usuario/Code/master/tfm/res/dataset/lumos_x_541_670_dcm/lumos_x_648/lumos_x_648_2.Dcm,1797,2707
/Users/Usuario/Code/master/tfm/res/dataset/lumos_x_541_670_dcm/lumos_x_670/lumos_x_670_1.Dcm,1826,2852
/Users/Usuario/Code/master/tfm/res/dataset/lumos_x_541_670_dcm/lumos_x_670/lumos_x_670_2.Dcm,2082,3320
/Users/Usuario/Code/master/tfm/res/dataset/lumos_x_541_670_dcm/lumos_x_624/lumos_x_624_1.Dcm,1753,2979
/Users/Usuario/Code/master/tfm/res/dataset/lumos_x_541_670_dcm/lumos_x_624/lumos_x_624_2.Dcm,1746,2981
/Users/Usuario/Code/master/tfm/res/dataset/lumos_x_541_670_dcm/lumos_x_623/lumos_x_623_1.Dcm,1691,2918
/Users/Usuario/Code/master/tfm/res/dataset/lumos_x_541_670_dcm/lumos_x_623/lumos_x_623_2.Dcm,1704,2907
/Users/Usuario/Code/master/tfm/res/dataset/lumos_x_541_670_dcm/lumos_x_615/lumos_x_615_1.Dcm,1539,2490
/Users/Usuario/Code/master/tfm/res/dataset/lumos_x_541_670_dcm/lumos_x_615/lumos_x_615_2.Dcm,1506,2165
/Users/Usuario/Code/master/tfm/res/dataset/lumos_x_541_670_dcm/lumos_x_612/lumos_x_612_1.Dcm,1652,3320
/Users/Usuario/Code/master/tfm/res/dataset/lumos_x_541_670_dcm/lumos_x_612/lumos_x_612_2.Dcm,1922,3320
/Users/Usuario/Code/master/tfm/res/dataset/lumos_x_781_790_dcm/lumos_x_782/lumos_x_782_1.Dcm,1765,3001
/Users/Usuario/Code/master/tfm/res/dataset/lumos_x_781_790_dcm/lumos_x_782/lumos_x_782_2.Dcm,1942,3001
/Users/Usuario/Code/master/tfm/res/dataset/lumos_x_781_790_dcm/lumos_x_785/lumos_x_785_1.Dcm,1680,2971
/Users/Usuario/Code/master/tfm/res/dataset/lumos_x_781_790_dcm/lumos_x_785/lumos_x_785_2.Dcm,1234,2970
/Users/Usuario/Code/master/tfm/res/dataset/lumos_x_781_790_dcm/lumos_x_784/lumos_x_784_1.Dcm,1707,2974
/Users/Usuario/Code/master/tfm/res/dataset/lumos_x_781_790_dcm/lumos_x_784/lumos_x_784_2.Dcm,2138,2988
/Users/Usuario/Code/master/tfm/res/dataset/lumos_x_781_790_dcm/lumos_x_783/lumos_x_783_1.Dcm,1705,2977
/Users/Usuario/Code/master/tfm/res/dataset/lumos_x_781_790_dcm/lumos_x_783/lumos_x_783_2.Dcm,2993,2987
/Users/Usuario/Code/master/tfm/res/dataset/lumos_x_781_790_dcm/lumos_x_790/lumos_x_790_1.Dcm,1962,3320
/Users/Usuario/Code/master/tfm/res/dataset/lumos_x_781_790_dcm/lumos_x_790/lumos_x_790_2.Dcm,1942,3320
/Users/Usuario/Code/master/tfm/res/dataset/lumos_x_781_790_dcm/lumos_x_788/lumos_x_788_1.Dcm,1987,3032
/Users/Usuario/Code/master/tfm/res/dataset/lumos_x_781_790_dcm/lumos_x_788/lumos_x_788_2.Dcm,2268,3013
/Users/Usuario/Code/master/tfm/res/dataset/lumos_x_781_790_dcm/lumos_x_786/lumos_x_786_1.Dcm,1729,2976
/Users/Usuario/Code/master/tfm/res/dataset/lumos_x_781_790_dcm/lumos_x_786/lumos_x_786_2.Dcm,1965,2972
/Users/Usuario/Code/master/tfm/res/dataset/lumos_x_781_790_dcm/lumos_x_781/lumos_x_781_1.Dcm,1701,2985
/Users/Usuario/Code/master/tfm/res/dataset/lumos_x_781_790_dcm/lumos_x_781/lumos_x_781_2.Dcm,1710,2980
/Users/Usuario/Code/master/tfm/res/dataset/lumos_x_781_790_dcm/lumos_x_787/lumos_x_787_1.Dcm,1544,2618
/Users/Usuario/Code/master/tfm/res/dataset/lumos_x_781_790_dcm/lumos_x_787/lumos_x_787_2.Dcm,1524,2375
/Users/Usuario/Code/master/tfm/res/dataset/lumos_x_781_790_dcm/lumos_x_789/lumos_x_789_1.Dcm,1516,2638
/Users/Usuario/Code/master/tfm/res/dataset/lumos_x_781_790_dcm/lumos_x_789/lumos_x_789_2.Dcm,1449,2799
/Users/Usuario/Code/master/tfm/res/dataset/lumos_x_791_803_dcm/lumos_x_803/lumos_x_803_1.Dcm,1714,2966
/Users/Usuario/Code/master/tfm/res/dataset/lumos_x_791_803_dcm/lumos_x_803/lumos_x_803_2.Dcm,1802,2961
/Users/Usuario/Code/master/tfm/res/dataset/lumos_x_791_803_dcm/lumos_x_802/lumos_x_802_1.Dcm,1678,2939
/Users/Usuario/Code/master/tfm/res/dataset/lumos_x_791_803_dcm/lumos_x_802/lumos_x_802_2.Dcm,1678,2399
/Users/Usuario/Code/master/tfm/res/dataset/lumos_x_791_803_dcm/lumos_x_797/lumos_x_797_1.Dcm,1517,2751
/Users/Usuario/Code/master/tfm/res/dataset/lumos_x_791_803_dcm/lumos_x_797/lumos_x_797_2.Dcm,1510,2353
/Users/Usuario/Code/master/tfm/res/dataset/lumos_x_791_803_dcm/lumos_x_799/lumos_x_799_1.Dcm,1746,2991
/Users/Usuario/Code/master/tfm/res/dataset/lumos_x_791_803_dcm/lumos_x_799/lumos_x_799_2.Dcm,1595,2978
/Users/Usuario/Code/master/tfm/res/dataset/lumos_x_791_803_dcm/lumos_x_798/lumos_x_798_1.Dcm,1793,3001
/Users/Usuario/Code/master/tfm/res/dataset/lumos_x_791_803_dcm/lumos_x_798/lumos_x_798_2.Dcm,1787,2977
/Users/Usuario/Code/master/tfm/res/dataset/lumos_x_791_803_dcm/lumos_x_796/lumos_x_796_1.Dcm,1738,2987
/Users/Usuario/Code/master/tfm/res/dataset/lumos_x_791_803_dcm/lumos_x_796/lumos_x_796_2.Dcm,1740,2987
/Users/Usuario/Code/master/tfm/res/dataset/lumos_x_791_803_dcm/lumos_x_791/lumos_x_791_1.Dcm,1714,2962
/Users/Usuario/Code/master/tfm/res/dataset/lumos_x_791_803_dcm/lumos_x_791/lumos_x_791_2.Dcm,1715,2970
/Users/Usuario/Code/master/tfm/res/dataset/lumos_x_791_803_dcm/lumos_x_800/lumos_x_800_1.Dcm,1759,2978
/Users/Usuario/Code/master/tfm/res/dataset/lumos_x_791_803_dcm/lumos_x_800/lumos_x_800_2.Dcm,1932,2986
/Users/Usuario/Code/master/tfm/res/dataset/lumos_x_791_803_dcm/lumos_x_801/lumos_x_801_1.Dcm,1729,2992
/Users/Usuario/Code/master/tfm/res/dataset/lumos_x_791_803_dcm/lumos_x_801/lumos_x_801_2.Dcm,1725,2978
/Users/Usuario/Code/master/tfm/res/dataset/lumos_x_791_803_dcm/lumos_x_794/lumos_x_794_1.Dcm,1332,2599
/Users/Usuario/Code/master/tfm/res/dataset/lumos_x_791_803_dcm/lumos_x_794/lumos_x_794_2.Dcm,1318,2406
/Users/Usuario/Code/master/tfm/res/dataset/lumos_x_791_803_dcm/lumos_x_793/lumos_x_793_1.Dcm,1820,3001
/Users/Usuario/Code/master/tfm/res/dataset/lumos_x_791_803_dcm/lumos_x_793/lumos_x_793_2.Dcm,1998,3001
/Users/Usuario/Code/master/tfm/res/dataset/lumos_x_791_803_dcm/lumos_x_792/lumos_x_792_1.Dcm,1617,2578
/Users/Usuario/Code/master/tfm/res/dataset/lumos_x_791_803_dcm/lumos_x_792/lumos_x_792_2.Dcm,1664,2610
/Users/Usuario/Code/master/tfm/res/dataset/lumos_x_791_803_dcm/lumos_x_795/lumos_x_795_1.Dcm,1585,2977
/Users/Usuario/Code/master/tfm/res/dataset/lumos_x_791_803_dcm/lumos_x_795/lumos_x_795_2.Dcm,1502,2419
/Users/Usuario/Code/master/tfm/res/dataset/lumos_x_771_780_dcm/lumos_x_778/lumos_x_778_1.Dcm,1789,3001
/Users/Usuario/Code/master/tfm/res/dataset/lumos_x_771_780_dcm/lumos_x_778/lumos_x_778_2.Dcm,1786,3001
/Users/Usuario/Code/master/tfm/res/dataset/lumos_x_771_780_dcm/lumos_x_776/lumos_x_776_1.Dcm,1556,2821
/Users/Usuario/Code/master/tfm/res/dataset/lumos_x_771_780_dcm/lumos_x_776/lumos_x_776_2.Dcm,1872,2833
/Users/Usuario/Code/master/tfm/res/dataset/lumos_x_771_780_dcm/lumos_x_771/lumos_x_771_1.Dcm,1578,2883
/Users/Usuario/Code/master/tfm/res/dataset/lumos_x_771_780_dcm/lumos_x_771/lumos_x_771_2.Dcm,1769,2852
/Users/Usuario/Code/master/tfm/res/dataset/lumos_x_771_780_dcm/lumos_x_777/lumos_x_777_1.Dcm,1653,2413
/Users/Usuario/Code/master/tfm/res/dataset/lumos_x_771_780_dcm/lumos_x_777/lumos_x_777_2.Dcm,2218,2498
/Users/Usuario/Code/master/tfm/res/dataset/lumos_x_771_780_dcm/lumos_x_779/lumos_x_779_1.Dcm,1435,2862
/Users/Usuario/Code/master/tfm/res/dataset/lumos_x_771_780_dcm/lumos_x_779/lumos_x_779_2.Dcm,1622,2612
/Users/Usuario/Code/master/tfm/res/dataset/lumos_x_771_780_dcm/lumos_x_772/lumos_x_772_1.Dcm,1666,2434
/Users/Usuario/Code/master/tfm/res/dataset/lumos_x_771_780_dcm/lumos_x_772/lumos_x_772_2.Dcm,1465,2335
/Users/Usuario/Code/master/tfm/res/dataset/lumos_x_771_780_dcm/lumos_x_775/lumos_x_775_1.Dcm,1729,2996
/Users/Usuario/Code/master/tfm/res/dataset/lumos_x_771_780_dcm/lumos_x_775/lumos_x_775_2.Dcm,2358,3001
/Users/Usuario/Code/master/tfm/res/dataset/lumos_x_771_780_dcm/lumos_x_780/lumos_x_780_1.Dcm,1783,3001
/Users/Usuario/Code/master/tfm/res/dataset/lumos_x_771_780_dcm/lumos_x_780/lumos_x_780_2.Dcm,1966,3001
/Users/Usuario/Code/master/tfm/res/dataset/lumos_x_771_780_dcm/lumos_x_774/lumos_x_774_1.Dcm,1724,2980
/Users/Usuario/Code/master/tfm/res/dataset/lumos_x_771_780_dcm/lumos_x_774/lumos_x_774_2.Dcm,2106,2704
/Users/Usuario/Code/master/tfm/res/dataset/lumos_x_771_780_dcm/lumos_x_773/lumos_x_773_1.Dcm,1887,3248
/Users/Usuario/Code/master/tfm/res/dataset/lumos_x_771_780_dcm/lumos_x_773/lumos_x_773_2.Dcm,1799,2953
/Users/Usuario/Code/master/tfm/res/dataset/lumos_x_281_540_dcm/lumos_x_490/lumos_x_490_1.Dcm,1796,3001
/Users/Usuario/Code/master/tfm/res/dataset/lumos_x_281_540_dcm/lumos_x_490/lumos_x_490_2.Dcm,1800,3001
/Users/Usuario/Code/master/tfm/res/dataset/lumos_x_281_540_dcm/lumos_x_464/lumos_x_464_1.Dcm,1421,2224
/Users/Usuario/Code/master/tfm/res/dataset/lumos_x_281_540_dcm/lumos_x_464/lumos_x_464_2.Dcm,1842,2200
/Users/Usuario/Code/master/tfm/res/dataset/lumos_x_281_540_dcm/lumos_x_463/lumos_x_463_1.Dcm,1726,2969
/Users/Usuario/Code/master/tfm/res/dataset/lumos_x_281_540_dcm/lumos_x_463/lumos_x_463_2.Dcm,2252,2973
/Users/Usuario/Code/master/tfm/res/dataset/lumos_x_281_540_dcm/lumos_x_497/lumos_x_497_1.Dcm,1745,2602
/Users/Usuario/Code/master/tfm/res/dataset/lumos_x_281_540_dcm/lumos_x_497/lumos_x_497_2.Dcm,1964,2739
/Users/Usuario/Code/master/tfm/res/dataset/lumos_x_281_540_dcm/lumos_x_455/lumos_x_455_1.Dcm,1759,3001
/Users/Usuario/Code/master/tfm/res/dataset/lumos_x_281_540_dcm/lumos_x_455/lumos_x_455_2.Dcm,1754,3001
/Users/Usuario/Code/master/tfm/res/dataset/lumos_x_281_540_dcm/lumos_x_452/lumos_x_452_1.Dcm,1713,2973
/Users/Usuario/Code/master/tfm/res/dataset/lumos_x_281_540_dcm/lumos_x_452/lumos_x_452_2.Dcm,2045,2970
/Users/Usuario/Code/master/tfm/res/dataset/lumos_x_281_540_dcm/lumos_x_499/lumos_x_499_1.Dcm,1746,2986
/Users/Usuario/Code/master/tfm/res/dataset/lumos_x_281_540_dcm/lumos_x_499/lumos_x_499_2.Dcm,1746,2987
/Users/Usuario/Code/master/tfm/res/dataset/lumos_x_281_540_dcm/lumos_x_439/lumos_x_439_1.Dcm,1668,2949
/Users/Usuario/Code/master/tfm/res/dataset/lumos_x_281_540_dcm/lumos_x_439/lumos_x_439_2.Dcm,2115,2938
/Users/Usuario/Code/master/tfm/res/dataset/lumos_x_281_540_dcm/lumos_x_406/lumos_x_406_1.Dcm,1750,3001
/Users/Usuario/Code/master/tfm/res/dataset/lumos_x_281_540_dcm/lumos_x_406/lumos_x_406_2.Dcm,1746,2983
/Users/Usuario/Code/master/tfm/res/dataset/lumos_x_281_540_dcm/lumos_x_401/lumos_x_401_1.Dcm,1744,2979
/Users/Usuario/Code/master/tfm/res/dataset/lumos_x_281_540_dcm/lumos_x_401/lumos_x_401_2.Dcm,1748,2976
/Users/Usuario/Code/master/tfm/res/dataset/lumos_x_281_540_dcm/lumos_x_408/lumos_x_408_1.Dcm,1730,2988
/Users/Usuario/Code/master/tfm/res/dataset/lumos_x_281_540_dcm/lumos_x_408/lumos_x_408_2.Dcm,2155,2981
/Users/Usuario/Code/master/tfm/res/dataset/lumos_x_281_540_dcm/lumos_x_437/lumos_x_437_1.Dcm,1482,2950
/Users/Usuario/Code/master/tfm/res/dataset/lumos_x_281_540_dcm/lumos_x_437/lumos_x_437_2.Dcm,2528,2945
/Users/Usuario/Code/master/tfm/res/dataset/lumos_x_281_540_dcm/lumos_x_295/lumos_x_295_1.Dcm,1555,2957
/Users/Usuario/Code/master/tfm/res/dataset/lumos_x_281_540_dcm/lumos_x_295/lumos_x_295_2.Dcm,1902,2971
/Users/Usuario/Code/master/tfm/res/dataset/lumos_x_281_540_dcm/lumos_x_292/lumos_x_292_1.Dcm,1673,2950
/Users/Usuario/Code/master/tfm/res/dataset/lumos_x_281_540_dcm/lumos_x_292/lumos_x_292_2.Dcm,1685,2939
/Users/Usuario/Code/master/tfm/res/dataset/lumos_x_281_540_dcm/lumos_x_430/lumos_x_430_1.Dcm,1731,2933
/Users/Usuario/Code/master/tfm/res/dataset/lumos_x_281_540_dcm/lumos_x_430/lumos_x_430_2.Dcm,1731,2927
/Users/Usuario/Code/master/tfm/res/dataset/lumos_x_281_540_dcm/lumos_x_453/lumos_x_453_1.Dcm,1952,3000
/Users/Usuario/Code/master/tfm/res/dataset/lumos_x_281_540_dcm/lumos_x_453/lumos_x_453_2.Dcm,2652,3000
/Users/Usuario/Code/master/tfm/res/dataset/lumos_x_281_540_dcm/lumos_x_498/lumos_x_498_1.Dcm,1678,2533
/Users/Usuario/Code/master/tfm/res/dataset/lumos_x_281_540_dcm/lumos_x_498/lumos_x_498_2.Dcm,1940,2570
/Users/Usuario/Code/master/tfm/res/dataset/lumos_x_281_540_dcm/lumos_x_454/lumos_x_454_1.Dcm,1497,2693
/Users/Usuario/Code/master/tfm/res/dataset/lumos_x_281_540_dcm/lumos_x_454/lumos_x_454_2.Dcm,1506,2425
/Users/Usuario/Code/master/tfm/res/dataset/lumos_x_281_540_dcm/lumos_x_496/lumos_x_496_1.Dcm,1829,2996
/Users/Usuario/Code/master/tfm/res/dataset/lumos_x_281_540_dcm/lumos_x_496/lumos_x_496_2.Dcm,1843,2934
/Users/Usuario/Code/master/tfm/res/dataset/lumos_x_281_540_dcm/lumos_x_462/lumos_x_462_1.Dcm,1911,3320
/Users/Usuario/Code/master/tfm/res/dataset/lumos_x_281_540_dcm/lumos_x_462/lumos_x_462_2.Dcm,2131,3320
/Users/Usuario/Code/master/tfm/res/dataset/lumos_x_281_540_dcm/lumos_x_465/lumos_x_465_1.Dcm,1462,2486
/Users/Usuario/Code/master/tfm/res/dataset/lumos_x_281_540_dcm/lumos_x_465/lumos_x_465_2.Dcm,1641,2353
/Users/Usuario/Code/master/tfm/res/dataset/lumos_x_281_540_dcm/lumos_x_491/lumos_x_491_1.Dcm,1771,3001
/Users/Usuario/Code/master/tfm/res/dataset/lumos_x_281_540_dcm/lumos_x_491/lumos_x_491_2.Dcm,1781,3001
/Users/Usuario/Code/master/tfm/res/dataset/lumos_x_281_540_dcm/lumos_x_431/lumos_x_431_1.Dcm,1731,2980
/Users/Usuario/Code/master/tfm/res/dataset/lumos_x_281_540_dcm/lumos_x_431/lumos_x_431_2.Dcm,1729,2953
/Users/Usuario/Code/master/tfm/res/dataset/lumos_x_281_540_dcm/lumos_x_293/lumos_x_293_1.Dcm,1656,2659
/Users/Usuario/Code/master/tfm/res/dataset/lumos_x_281_540_dcm/lumos_x_293/lumos_x_293_2.Dcm,1568,3001
/Users/Usuario/Code/master/tfm/res/dataset/lumos_x_281_540_dcm/lumos_x_409/lumos_x_409_1.Dcm,1818,2861
/Users/Usuario/Code/master/tfm/res/dataset/lumos_x_281_540_dcm/lumos_x_409/lumos_x_409_2.Dcm,1982,3320
/Users/Usuario/Code/master/tfm/res/dataset/lumos_x_281_540_dcm/lumos_x_294/lumos_x_294_1.Dcm,1758,3001
/Users/Usuario/Code/master/tfm/res/dataset/lumos_x_281_540_dcm/lumos_x_294/lumos_x_294_2.Dcm,2139,3001
/Users/Usuario/Code/master/tfm/res/dataset/lumos_x_281_540_dcm/lumos_x_436/lumos_x_436_1.Dcm,1647,2642
/Users/Usuario/Code/master/tfm/res/dataset/lumos_x_281_540_dcm/lumos_x_436/lumos_x_436_2.Dcm,1934,2724
/Users/Usuario/Code/master/tfm/res/dataset/lumos_x_281_540_dcm/lumos_x_400/lumos_x_400_1.Dcm,1794,3001
/Users/Usuario/Code/master/tfm/res/dataset/lumos_x_281_540_dcm/lumos_x_400/lumos_x_400_2.Dcm,1746,3001
/Users/Usuario/Code/master/tfm/res/dataset/lumos_x_281_540_dcm/lumos_x_438/lumos_x_438_1.Dcm,1460,2576
/Users/Usuario/Code/master/tfm/res/dataset/lumos_x_281_540_dcm/lumos_x_438/lumos_x_438_2.Dcm,1770,2640
/Users/Usuario/Code/master/tfm/res/dataset/lumos_x_281_540_dcm/lumos_x_407/lumos_x_407_1.Dcm,1602,2546
/Users/Usuario/Code/master/tfm/res/dataset/lumos_x_281_540_dcm/lumos_x_407/lumos_x_407_2.Dcm,1901,2413
/Users/Usuario/Code/master/tfm/res/dataset/lumos_x_281_540_dcm/lumos_x_323/lumos_x_323_1.Dcm,1766,2978
/Users/Usuario/Code/master/tfm/res/dataset/lumos_x_281_540_dcm/lumos_x_323/lumos_x_323_2.Dcm,1774,2998
/Users/Usuario/Code/master/tfm/res/dataset/lumos_x_281_540_dcm/lumos_x_324/lumos_x_324_1.Dcm,1693,2976
/Users/Usuario/Code/master/tfm/res/dataset/lumos_x_281_540_dcm/lumos_x_324/lumos_x_324_2.Dcm,1792,2978
/Users/Usuario/Code/master/tfm/res/dataset/lumos_x_281_540_dcm/lumos_x_312/lumos_x_312_1.Dcm,1701,2987
/Users/Usuario/Code/master/tfm/res/dataset/lumos_x_281_540_dcm/lumos_x_312/lumos_x_312_2.Dcm,1585,2976
/Users/Usuario/Code/master/tfm/res/dataset/lumos_x_281_540_dcm/lumos_x_312/lumos_x_312_3.Dcm,2098,2977
/Users/Usuario/Code/master/tfm/res/dataset/lumos_x_281_540_dcm/lumos_x_312/lumos_x_312_4.Dcm,1941,2977
/Users/Usuario/Code/master/tfm/res/dataset/lumos_x_281_540_dcm/lumos_x_315/lumos_x_315_1.Dcm,1631,2481
/Users/Usuario/Code/master/tfm/res/dataset/lumos_x_281_540_dcm/lumos_x_315/lumos_x_315_2.Dcm,1709,2405
/Users/Usuario/Code/master/tfm/res/dataset/lumos_x_281_540_dcm/lumos_x_528/lumos_x_528_1.Dcm,1555,2965
/Users/Usuario/Code/master/tfm/res/dataset/lumos_x_281_540_dcm/lumos_x_528/lumos_x_528_2.Dcm,1388,2972
/Users/Usuario/Code/master/tfm/res/dataset/lumos_x_281_540_dcm/lumos_x_341/lumos_x_341_1.Dcm,1714,2992
/Users/Usuario/Code/master/tfm/res/dataset/lumos_x_281_540_dcm/lumos_x_341/lumos_x_341_2.Dcm,1495,2727
/Users/Usuario/Code/master/tfm/res/dataset/lumos_x_281_540_dcm/lumos_x_517/lumos_x_517_1.Dcm,1825,2985
/Users/Usuario/Code/master/tfm/res/dataset/lumos_x_281_540_dcm/lumos_x_517/lumos_x_517_2.Dcm,1976,2979
/Users/Usuario/Code/master/tfm/res/dataset/lumos_x_281_540_dcm/lumos_x_379/lumos_x_379_1.Dcm,1526,2730
/Users/Usuario/Code/master/tfm/res/dataset/lumos_x_281_540_dcm/lumos_x_379/lumos_x_379_2.Dcm,1874,2892
/Users/Usuario/Code/master/tfm/res/dataset/lumos_x_281_540_dcm/lumos_x_510/lumos_x_510_1.Dcm,1912,3320
/Users/Usuario/Code/master/tfm/res/dataset/lumos_x_281_540_dcm/lumos_x_510/lumos_x_510_2.Dcm,1911,3320
/Users/Usuario/Code/master/tfm/res/dataset/lumos_x_281_540_dcm/lumos_x_346/lumos_x_346_1.Dcm,1761,2914
/Users/Usuario/Code/master/tfm/res/dataset/lumos_x_281_540_dcm/lumos_x_346/lumos_x_346_2.Dcm,1741,2982
/Users/Usuario/Code/master/tfm/res/dataset/lumos_x_281_540_dcm/lumos_x_519/lumos_x_519_1.Dcm,1609,2698
/Users/Usuario/Code/master/tfm/res/dataset/lumos_x_281_540_dcm/lumos_x_519/lumos_x_519_2.Dcm,1632,2554
/Users/Usuario/Code/master/tfm/res/dataset/lumos_x_281_540_dcm/lumos_x_370/lumos_x_370_1.Dcm,1458,2429
/Users/Usuario/Code/master/tfm/res/dataset/lumos_x_281_540_dcm/lumos_x_370/lumos_x_370_2.Dcm,1846,2911
/Users/Usuario/Code/master/tfm/res/dataset/lumos_x_281_540_dcm/lumos_x_526/lumos_x_526_1.Dcm,1535,2809
/Users/Usuario/Code/master/tfm/res/dataset/lumos_x_281_540_dcm/lumos_x_526/lumos_x_526_2.Dcm,2103,3001
/Users/Usuario/Code/master/tfm/res/dataset/lumos_x_281_540_dcm/lumos_x_384/lumos_x_384_1.Dcm,1761,3001
/Users/Usuario/Code/master/tfm/res/dataset/lumos_x_281_540_dcm/lumos_x_384/lumos_x_384_2.Dcm,2002,2763
/Users/Usuario/Code/master/tfm/res/dataset/lumos_x_281_540_dcm/lumos_x_348/lumos_x_348_1.Dcm,1748,2994
/Users/Usuario/Code/master/tfm/res/dataset/lumos_x_281_540_dcm/lumos_x_348/lumos_x_348_2.Dcm,1560,2038
/Users/Usuario/Code/master/tfm/res/dataset/lumos_x_281_540_dcm/lumos_x_383/lumos_x_383_1.Dcm,1789,2976
/Users/Usuario/Code/master/tfm/res/dataset/lumos_x_281_540_dcm/lumos_x_383/lumos_x_383_2.Dcm,1764,2976
/Users/Usuario/Code/master/tfm/res/dataset/lumos_x_281_540_dcm/lumos_x_521/lumos_x_521_1.Dcm,1706,2941
/Users/Usuario/Code/master/tfm/res/dataset/lumos_x_281_540_dcm/lumos_x_521/lumos_x_521_2.Dcm,1788,2622
/Users/Usuario/Code/master/tfm/res/dataset/lumos_x_281_540_dcm/lumos_x_377/lumos_x_377_1.Dcm,2042,2991
/Users/Usuario/Code/master/tfm/res/dataset/lumos_x_281_540_dcm/lumos_x_377/lumos_x_377_2.Dcm,2030,2733
/Users/Usuario/Code/master/tfm/res/dataset/lumos_x_281_540_dcm/lumos_x_314/lumos_x_314_1.Dcm,1779,2977
/Users/Usuario/Code/master/tfm/res/dataset/lumos_x_281_540_dcm/lumos_x_314/lumos_x_314_2.Dcm,1775,2978
/Users/Usuario/Code/master/tfm/res/dataset/lumos_x_281_540_dcm/lumos_x_313/lumos_x_313_1.Dcm,1696,2979
/Users/Usuario/Code/master/tfm/res/dataset/lumos_x_281_540_dcm/lumos_x_313/lumos_x_313_2.Dcm,1703,2978
/Users/Usuario/Code/master/tfm/res/dataset/lumos_x_281_540_dcm/lumos_x_325/lumos_x_325_1.Dcm,1477,2960
/Users/Usuario/Code/master/tfm/res/dataset/lumos_x_281_540_dcm/lumos_x_325/lumos_x_325_2.Dcm,1720,2953
/Users/Usuario/Code/master/tfm/res/dataset/lumos_x_281_540_dcm/lumos_x_322/lumos_x_322_1.Dcm,1801,3001
/Users/Usuario/Code/master/tfm/res/dataset/lumos_x_281_540_dcm/lumos_x_322/lumos_x_322_2.Dcm,1609,2389
/Users/Usuario/Code/master/tfm/res/dataset/lumos_x_281_540_dcm/lumos_x_349/lumos_x_349_1.Dcm,1767,3001
/Users/Usuario/Code/master/tfm/res/dataset/lumos_x_281_540_dcm/lumos_x_349/lumos_x_349_2.Dcm,1706,3001
/Users/Usuario/Code/master/tfm/res/dataset/lumos_x_281_540_dcm/lumos_x_349/lumos_x_349_3.Dcm,1764,3001
/Users/Usuario/Code/master/tfm/res/dataset/lumos_x_281_540_dcm/lumos_x_349/lumos_x_349_4.Dcm,1767,3001
/Users/Usuario/Code/master/tfm/res/dataset/lumos_x_281_540_dcm/lumos_x_520/lumos_x_520_1.Dcm,1757,3001
/Users/Usuario/Code/master/tfm/res/dataset/lumos_x_281_540_dcm/lumos_x_520/lumos_x_520_2.Dcm,1746,2980
/Users/Usuario/Code/master/tfm/res/dataset/lumos_x_281_540_dcm/lumos_x_376/lumos_x_376_1.Dcm,1703,2987
/Users/Usuario/Code/master/tfm/res/dataset/lumos_x_281_540_dcm/lumos_x_376/lumos_x_376_2.Dcm,1973,2995
/Users/Usuario/Code/master/tfm/res/dataset/lumos_x_281_540_dcm/lumos_x_382/lumos_x_382_1.Dcm,1994,2094
/Users/Usuario/Code/master/tfm/res/dataset/lumos_x_281_540_dcm/lumos_x_382/lumos_x_382_2.Dcm,1744,2982
/Users/Usuario/Code/master/tfm/res/dataset/lumos_x_281_540_dcm/lumos_x_518/lumos_x_518_1.Dcm,1169,2973
/Users/Usuario/Code/master/tfm/res/dataset/lumos_x_281_540_dcm/lumos_x_518/lumos_x_518_2.Dcm,1766,2984
/Users/Usuario/Code/master/tfm/res/dataset/lumos_x_281_540_dcm/lumos_x_385/lumos_x_385_1.Dcm,1620,2376
/Users/Usuario/Code/master/tfm/res/dataset/lumos_x_281_540_dcm/lumos_x_385/lumos_x_385_2.Dcm,1495,2127
/Users/Usuario/Code/master/tfm/res/dataset/lumos_x_281_540_dcm/lumos_x_371/lumos_x_371_1.Dcm,1767,3001
/Users/Usuario/Code/master/tfm/res/dataset/lumos_x_281_540_dcm/lumos_x_371/lumos_x_371_2.Dcm,1971,3001
/Users/Usuario/Code/master/tfm/res/dataset/lumos_x_281_540_dcm/lumos_x_527/lumos_x_527_1.Dcm,1715,2721
/Users/Usuario/Code/master/tfm/res/dataset/lumos_x_281_540_dcm/lumos_x_527/lumos_x_527_2.Dcm,2292,2960
/Users/Usuario/Code/master/tfm/res/dataset/lumos_x_281_540_dcm/lumos_x_378/lumos_x_378_1.Dcm,1697,2974
/Users/Usuario/Code/master/tfm/res/dataset/lumos_x_281_540_dcm/lumos_x_378/lumos_x_378_2.Dcm,1957,2984
/Users/Usuario/Code/master/tfm/res/dataset/lumos_x_281_540_dcm/lumos_x_511/lumos_x_511_1.Dcm,1654,2995
/Users/Usuario/Code/master/tfm/res/dataset/lumos_x_281_540_dcm/lumos_x_511/lumos_x_511_2.Dcm,1713,3001
/Users/Usuario/Code/master/tfm/res/dataset/lumos_x_281_540_dcm/lumos_x_347/lumos_x_347_1.Dcm,1483,2507
/Users/Usuario/Code/master/tfm/res/dataset/lumos_x_281_540_dcm/lumos_x_347/lumos_x_347_2.Dcm,1752,2463
/Users/Usuario/Code/master/tfm/res/dataset/lumos_x_281_540_dcm/lumos_x_529/lumos_x_529_1.Dcm,1901,3320
/Users/Usuario/Code/master/tfm/res/dataset/lumos_x_281_540_dcm/lumos_x_529/lumos_x_529_2.Dcm,1942,3320
/Users/Usuario/Code/master/tfm/res/dataset/lumos_x_281_540_dcm/lumos_x_340/lumos_x_340_1.Dcm,2013,2955
/Users/Usuario/Code/master/tfm/res/dataset/lumos_x_281_540_dcm/lumos_x_340/lumos_x_340_2.Dcm,2682,2949
/Users/Usuario/Code/master/tfm/res/dataset/lumos_x_281_540_dcm/lumos_x_516/lumos_x_516_1.Dcm,1790,3205
/Users/Usuario/Code/master/tfm/res/dataset/lumos_x_281_540_dcm/lumos_x_516/lumos_x_516_2.Dcm,1521,2852
/Users/Usuario/Code/master/tfm/res/dataset/lumos_x_281_540_dcm/lumos_x_534/lumos_x_534_1.Dcm,1739,2975
/Users/Usuario/Code/master/tfm/res/dataset/lumos_x_281_540_dcm/lumos_x_534/lumos_x_534_2.Dcm,2257,2975
/Users/Usuario/Code/master/tfm/res/dataset/lumos_x_281_540_dcm/lumos_x_362/lumos_x_362_1.Dcm,1791,3001
/Users/Usuario/Code/master/tfm/res/dataset/lumos_x_281_540_dcm/lumos_x_362/lumos_x_362_2.Dcm,1802,3001
/Users/Usuario/Code/master/tfm/res/dataset/lumos_x_281_540_dcm/lumos_x_396/lumos_x_396_1.Dcm,1705,2974
/Users/Usuario/Code/master/tfm/res/dataset/lumos_x_281_540_dcm/lumos_x_396/lumos_x_396_2.Dcm,1713,2975
/Users/Usuario/Code/master/tfm/res/dataset/lumos_x_281_540_dcm/lumos_x_391/lumos_x_391_1.Dcm,1753,2982
/Users/Usuario/Code/master/tfm/res/dataset/lumos_x_281_540_dcm/lumos_x_391/lumos_x_391_2.Dcm,1742,2987
/Users/Usuario/Code/master/tfm/res/dataset/lumos_x_281_540_dcm/lumos_x_365/lumos_x_365_1.Dcm,1765,2976
/Users/Usuario/Code/master/tfm/res/dataset/lumos_x_281_540_dcm/lumos_x_365/lumos_x_365_2.Dcm,1768,3001
/Users/Usuario/Code/master/tfm/res/dataset/lumos_x_281_540_dcm/lumos_x_533/lumos_x_533_1.Dcm,1732,2099
/Users/Usuario/Code/master/tfm/res/dataset/lumos_x_281_540_dcm/lumos_x_533/lumos_x_533_2.Dcm,2131,2710
/Users/Usuario/Code/master/tfm/res/dataset/lumos_x_281_540_dcm/lumos_x_505/lumos_x_505_1.Dcm,1663,2330
/Users/Usuario/Code/master/tfm/res/dataset/lumos_x_281_540_dcm/lumos_x_505/lumos_x_505_2.Dcm,1475,2119
/Users/Usuario/Code/master/tfm/res/dataset/lumos_x_281_540_dcm/lumos_x_353/lumos_x_353_1.Dcm,1536,2790
/Users/Usuario/Code/master/tfm/res/dataset/lumos_x_281_540_dcm/lumos_x_353/lumos_x_353_2.Dcm,1709,3001
/Users/Usuario/Code/master/tfm/res/dataset/lumos_x_281_540_dcm/lumos_x_398/lumos_x_398_1.Dcm,1912,3320
/Users/Usuario/Code/master/tfm/res/dataset/lumos_x_281_540_dcm/lumos_x_398/lumos_x_398_2.Dcm,1941,3320
/Users/Usuario/Code/master/tfm/res/dataset/lumos_x_281_540_dcm/lumos_x_354/lumos_x_354_1.Dcm,2685,3320
/Users/Usuario/Code/master/tfm/res/dataset/lumos_x_281_540_dcm/lumos_x_354/lumos_x_354_2.Dcm,2182,3320
/Users/Usuario/Code/master/tfm/res/dataset/lumos_x_281_540_dcm/lumos_x_502/lumos_x_502_1.Dcm,1795,2974
/Users/Usuario/Code/master/tfm/res/dataset/lumos_x_281_540_dcm/lumos_x_502/lumos_x_502_2.Dcm,1785,3001
/Users/Usuario/Code/master/tfm/res/dataset/lumos_x_281_540_dcm/lumos_x_300/lumos_x_300_1.Dcm,1468,2384
/Users/Usuario/Code/master/tfm/res/dataset/lumos_x_281_540_dcm/lumos_x_300/lumos_x_300_2.Dcm,1610,2502
/Users/Usuario/Code/master/tfm/res/dataset/lumos_x_281_540_dcm/lumos_x_338/lumos_x_338_1.Dcm,1746,3001
/Users/Usuario/Code/master/tfm/res/dataset/lumos_x_281_540_dcm/lumos_x_338/lumos_x_338_2.Dcm,2578,3001
/Users/Usuario/Code/master/tfm/res/dataset/lumos_x_281_540_dcm/lumos_x_307/lumos_x_307_1.Dcm,1698,2999
/Users/Usuario/Code/master/tfm/res/dataset/lumos_x_281_540_dcm/lumos_x_307/lumos_x_307_2.Dcm,1708,3001
/Users/Usuario/Code/master/tfm/res/dataset/lumos_x_281_540_dcm/lumos_x_331/lumos_x_331_1.Dcm,1785,3001
/Users/Usuario/Code/master/tfm/res/dataset/lumos_x_281_540_dcm/lumos_x_331/lumos_x_331_2.Dcm,1793,3001
/Users/Usuario/Code/master/tfm/res/dataset/lumos_x_281_540_dcm/lumos_x_309/lumos_x_309_1.Dcm,1783,3001
/Users/Usuario/Code/master/tfm/res/dataset/lumos_x_281_540_dcm/lumos_x_309/lumos_x_309_2.Dcm,1788,2974
/Users/Usuario/Code/master/tfm/res/dataset/lumos_x_281_540_dcm/lumos_x_336/lumos_x_336_1.Dcm,1801,3001
/Users/Usuario/Code/master/tfm/res/dataset/lumos_x_281_540_dcm/lumos_x_336/lumos_x_336_2.Dcm,1776,2978
/Users/Usuario/Code/master/tfm/res/dataset/lumos_x_281_540_dcm/lumos_x_355/lumos_x_355_1.Dcm,1473,2979
/Users/Usuario/Code/master/tfm/res/dataset/lumos_x_281_540_dcm/lumos_x_355/lumos_x_355_2.Dcm,1678,2560
/Users/Usuario/Code/master/tfm/res/dataset/lumos_x_281_540_dcm/lumos_x_503/lumos_x_503_1.Dcm,1328,2820
/Users/Usuario/Code/master/tfm/res/dataset/lumos_x_281_540_dcm/lumos_x_503/lumos_x_503_2.Dcm,1695,2630
/Users/Usuario/Code/master/tfm/res/dataset/lumos_x_281_540_dcm/lumos_x_504/lumos_x_504_1.Dcm,1745,2989
/Users/Usuario/Code/master/tfm/res/dataset/lumos_x_281_540_dcm/lumos_x_504/lumos_x_504_2.Dcm,1744,2991
/Users/Usuario/Code/master/tfm/res/dataset/lumos_x_281_540_dcm/lumos_x_352/lumos_x_352_1.Dcm,1760,2979
/Users/Usuario/Code/master/tfm/res/dataset/lumos_x_281_540_dcm/lumos_x_352/lumos_x_352_2.Dcm,1741,3001
/Users/Usuario/Code/master/tfm/res/dataset/lumos_x_281_540_dcm/lumos_x_399/lumos_x_399_1.Dcm,1635,2685
/Users/Usuario/Code/master/tfm/res/dataset/lumos_x_281_540_dcm/lumos_x_399/lumos_x_399_2.Dcm,1672,2415
/Users/Usuario/Code/master/tfm/res/dataset/lumos_x_281_540_dcm/lumos_x_364/lumos_x_364_1.Dcm,1682,2937
/Users/Usuario/Code/master/tfm/res/dataset/lumos_x_281_540_dcm/lumos_x_364/lumos_x_364_2.Dcm,1727,2936
/Users/Usuario/Code/master/tfm/res/dataset/lumos_x_281_540_dcm/lumos_x_532/lumos_x_532_1.Dcm,1669,3001
/Users/Usuario/Code/master/tfm/res/dataset/lumos_x_281_540_dcm/lumos_x_532/lumos_x_532_2.Dcm,1788,3001
/Users/Usuario/Code/master/tfm/res/dataset/lumos_x_281_540_dcm/lumos_x_390/lumos_x_390_1.Dcm,1632,2977
/Users/Usuario/Code/master/tfm/res/dataset/lumos_x_281_540_dcm/lumos_x_390/lumos_x_390_2.Dcm,1758,2975
/Users/Usuario/Code/master/tfm/res/dataset/lumos_x_281_540_dcm/lumos_x_397/lumos_x_397_1.Dcm,1731,2983
/Users/Usuario/Code/master/tfm/res/dataset/lumos_x_281_540_dcm/lumos_x_397/lumos_x_397_2.Dcm,1714,2977
/Users/Usuario/Code/master/tfm/res/dataset/lumos_x_281_540_dcm/lumos_x_535/lumos_x_535_1.Dcm,1748,2983
/Users/Usuario/Code/master/tfm/res/dataset/lumos_x_281_540_dcm/lumos_x_535/lumos_x_535_2.Dcm,1523,2982
/Users/Usuario/Code/master/tfm/res/dataset/lumos_x_281_540_dcm/lumos_x_363/lumos_x_363_1.Dcm,1924,2459
/Users/Usuario/Code/master/tfm/res/dataset/lumos_x_281_540_dcm/lumos_x_363/lumos_x_363_2.Dcm,1752,2975
/Users/Usuario/Code/master/tfm/res/dataset/lumos_x_281_540_dcm/lumos_x_308/lumos_x_308_1.Dcm,1746,3001
/Users/Usuario/Code/master/tfm/res/dataset/lumos_x_281_540_dcm/lumos_x_308/lumos_x_308_2.Dcm,1746,3001
/Users/Usuario/Code/master/tfm/res/dataset/lumos_x_281_540_dcm/lumos_x_337/lumos_x_337_1.Dcm,1381,2988
/Users/Usuario/Code/master/tfm/res/dataset/lumos_x_281_540_dcm/lumos_x_337/lumos_x_337_2.Dcm,1726,3001
/Users/Usuario/Code/master/tfm/res/dataset/lumos_x_281_540_dcm/lumos_x_330/lumos_x_330_1.Dcm,1492,2892
/Users/Usuario/Code/master/tfm/res/dataset/lumos_x_281_540_dcm/lumos_x_330/lumos_x_330_2.Dcm,1545,2649
/Users/Usuario/Code/master/tfm/res/dataset/lumos_x_281_540_dcm/lumos_x_339/lumos_x_339_1.Dcm,1765,3001
/Users/Usuario/Code/master/tfm/res/dataset/lumos_x_281_540_dcm/lumos_x_339/lumos_x_339_2.Dcm,1783,3001
/Users/Usuario/Code/master/tfm/res/dataset/lumos_x_281_540_dcm/lumos_x_306/lumos_x_306_1.Dcm,1721,2717
/Users/Usuario/Code/master/tfm/res/dataset/lumos_x_281_540_dcm/lumos_x_306/lumos_x_306_2.Dcm,1727,2540
/Users/Usuario/Code/master/tfm/res/dataset/lumos_x_281_540_dcm/lumos_x_301/lumos_x_301_1.Dcm,2014,2729
/Users/Usuario/Code/master/tfm/res/dataset/lumos_x_281_540_dcm/lumos_x_301/lumos_x_301_2.Dcm,1845,2734
/Users/Usuario/Code/master/tfm/res/dataset/lumos_x_281_540_dcm/lumos_x_425/lumos_x_425_1.Dcm,1910,2940
/Users/Usuario/Code/master/tfm/res/dataset/lumos_x_281_540_dcm/lumos_x_425/lumos_x_425_2.Dcm,2069,2944
/Users/Usuario/Code/master/tfm/res/dataset/lumos_x_281_540_dcm/lumos_x_287/lumos_x_287_1.Dcm,1643,2482
/Users/Usuario/Code/master/tfm/res/dataset/lumos_x_281_540_dcm/lumos_x_287/lumos_x_287_2.Dcm,1998,2636
/Users/Usuario/Code/master/tfm/res/dataset/lumos_x_281_540_dcm/lumos_x_422/lumos_x_422_1.Dcm,1740,2992
/Users/Usuario/Code/master/tfm/res/dataset/lumos_x_281_540_dcm/lumos_x_422/lumos_x_422_2.Dcm,1867,2990
/Users/Usuario/Code/master/tfm/res/dataset/lumos_x_281_540_dcm/lumos_x_414/lumos_x_414_1.Dcm,1482,2273
/Users/Usuario/Code/master/tfm/res/dataset/lumos_x_281_540_dcm/lumos_x_414/lumos_x_414_2.Dcm,1883,2502
/Users/Usuario/Code/master/tfm/res/dataset/lumos_x_281_540_dcm/lumos_x_289/lumos_x_289_1.Dcm,1782,3001
/Users/Usuario/Code/master/tfm/res/dataset/lumos_x_281_540_dcm/lumos_x_289/lumos_x_289_2.Dcm,1938,3001
/Users/Usuario/Code/master/tfm/res/dataset/lumos_x_281_540_dcm/lumos_x_413/lumos_x_413_1.Dcm,1702,2961
/Users/Usuario/Code/master/tfm/res/dataset/lumos_x_281_540_dcm/lumos_x_413/lumos_x_413_2.Dcm,1733,2964
/Users/Usuario/Code/master/tfm/res/dataset/lumos_x_281_540_dcm/lumos_x_478/lumos_x_478_1.Dcm,1907,2984
/Users/Usuario/Code/master/tfm/res/dataset/lumos_x_281_540_dcm/lumos_x_478/lumos_x_478_2.Dcm,2182,2974
/Users/Usuario/Code/master/tfm/res/dataset/lumos_x_281_540_dcm/lumos_x_447/lumos_x_447_1.Dcm,1169,2542
/Users/Usuario/Code/master/tfm/res/dataset/lumos_x_281_540_dcm/lumos_x_447/lumos_x_447_2.Dcm,1900,3001
/Users/Usuario/Code/master/tfm/res/dataset/lumos_x_281_540_dcm/lumos_x_440/lumos_x_440_1.Dcm,1772,3001
/Users/Usuario/Code/master/tfm/res/dataset/lumos_x_281_540_dcm/lumos_x_440/lumos_x_440_2.Dcm,2167,3001
/Users/Usuario/Code/master/tfm/res/dataset/lumos_x_281_540_dcm/lumos_x_449/lumos_x_449_1.Dcm,1723,2959
/Users/Usuario/Code/master/tfm/res/dataset/lumos_x_281_540_dcm/lumos_x_449/lumos_x_449_2.Dcm,1605,2569
/Users/Usuario/Code/master/tfm/res/dataset/lumos_x_281_540_dcm/lumos_x_482/lumos_x_482_1.Dcm,1493,2800
/Users/Usuario/Code/master/tfm/res/dataset/lumos_x_281_540_dcm/lumos_x_482/lumos_x_482_2.Dcm,1679,2656
/Users/Usuario/Code/master/tfm/res/dataset/lumos_x_281_540_dcm/lumos_x_476/lumos_x_476_1.Dcm,1401,2643
/Users/Usuario/Code/master/tfm/res/dataset/lumos_x_281_540_dcm/lumos_x_476/lumos_x_476_2.Dcm,1485,2893
/Users/Usuario/Code/master/tfm/res/dataset/lumos_x_281_540_dcm/lumos_x_471/lumos_x_471_1.Dcm,1727,2969
/Users/Usuario/Code/master/tfm/res/dataset/lumos_x_281_540_dcm/lumos_x_471/lumos_x_471_2.Dcm,2911,3001
/Users/Usuario/Code/master/tfm/res/dataset/lumos_x_281_540_dcm/lumos_x_485/lumos_x_485_1.Dcm,1418,2342
/Users/Usuario/Code/master/tfm/res/dataset/lumos_x_281_540_dcm/lumos_x_485/lumos_x_485_2.Dcm,1621,2350
/Users/Usuario/Code/master/tfm/res/dataset/lumos_x_281_540_dcm/lumos_x_412/lumos_x_412_1.Dcm,1770,3001
/Users/Usuario/Code/master/tfm/res/dataset/lumos_x_281_540_dcm/lumos_x_412/lumos_x_412_2.Dcm,1770,3001
/Users/Usuario/Code/master/tfm/res/dataset/lumos_x_281_540_dcm/lumos_x_415/lumos_x_415_1.Dcm,1618,2397
/Users/Usuario/Code/master/tfm/res/dataset/lumos_x_281_540_dcm/lumos_x_415/lumos_x_415_2.Dcm,1819,2558
/Users/Usuario/Code/master/tfm/res/dataset/lumos_x_281_540_dcm/lumos_x_288/lumos_x_288_1.Dcm,1585,3320
/Users/Usuario/Code/master/tfm/res/dataset/lumos_x_281_540_dcm/lumos_x_288/lumos_x_288_2.Dcm,1902,3320
/Users/Usuario/Code/master/tfm/res/dataset/lumos_x_281_540_dcm/lumos_x_423/lumos_x_423_1.Dcm,1985,2976
/Users/Usuario/Code/master/tfm/res/dataset/lumos_x_281_540_dcm/lumos_x_423/lumos_x_423_2.Dcm,2155,2984
/Users/Usuario/Code/master/tfm/res/dataset/lumos_x_281_540_dcm/lumos_x_281/lumos_x_281_1.Dcm,1717,2967
/Users/Usuario/Code/master/tfm/res/dataset/lumos_x_281_540_dcm/lumos_x_281/lumos_x_281_2.Dcm,1946,2699
/Users/Usuario/Code/master/tfm/res/dataset/lumos_x_281_540_dcm/lumos_x_286/lumos_x_286_1.Dcm,1771,3001
/Users/Usuario/Code/master/tfm/res/dataset/lumos_x_281_540_dcm/lumos_x_286/lumos_x_286_2.Dcm,2118,3001
/Users/Usuario/Code/master/tfm/res/dataset/lumos_x_281_540_dcm/lumos_x_424/lumos_x_424_1.Dcm,2154,2966
/Users/Usuario/Code/master/tfm/res/dataset/lumos_x_281_540_dcm/lumos_x_424/lumos_x_424_2.Dcm,1849,2606
/Users/Usuario/Code/master/tfm/res/dataset/lumos_x_281_540_dcm/lumos_x_484/lumos_x_484_1.Dcm,2114,2699
/Users/Usuario/Code/master/tfm/res/dataset/lumos_x_281_540_dcm/lumos_x_484/lumos_x_484_2.Dcm,2720,2699
/Users/Usuario/Code/master/tfm/res/dataset/lumos_x_281_540_dcm/lumos_x_470/lumos_x_470_1.Dcm,1574,2799
/Users/Usuario/Code/master/tfm/res/dataset/lumos_x_281_540_dcm/lumos_x_470/lumos_x_470_2.Dcm,1712,2809
/Users/Usuario/Code/master/tfm/res/dataset/lumos_x_281_540_dcm/lumos_x_448/lumos_x_448_1.Dcm,1703,2986
/Users/Usuario/Code/master/tfm/res/dataset/lumos_x_281_540_dcm/lumos_x_448/lumos_x_448_2.Dcm,2089,2986
/Users/Usuario/Code/master/tfm/res/dataset/lumos_x_281_540_dcm/lumos_x_477/lumos_x_477_1.Dcm,1782,3001
/Users/Usuario/Code/master/tfm/res/dataset/lumos_x_281_540_dcm/lumos_x_477/lumos_x_477_2.Dcm,1789,3001
/Users/Usuario/Code/master/tfm/res/dataset/lumos_x_281_540_dcm/lumos_x_483/lumos_x_483_1.Dcm,1601,2808
/Users/Usuario/Code/master/tfm/res/dataset/lumos_x_281_540_dcm/lumos_x_483/lumos_x_483_2.Dcm,1529,2729
/Users/Usuario/Code/master/tfm/res/dataset/lumos_x_281_540_dcm/lumos_x_441/lumos_x_441_1.Dcm,1787,2977
/Users/Usuario/Code/master/tfm/res/dataset/lumos_x_281_540_dcm/lumos_x_441/lumos_x_441_2.Dcm,1790,2977
/Users/Usuario/Code/master/tfm/res/dataset/lumos_x_281_540_dcm/lumos_x_479/lumos_x_479_1.Dcm,1741,2997
/Users/Usuario/Code/master/tfm/res/dataset/lumos_x_281_540_dcm/lumos_x_479/lumos_x_479_2.Dcm,1755,3001
/Users/Usuario/Code/master/tfm/res/dataset/lumos_x_281_540_dcm/lumos_x_446/lumos_x_446_1.Dcm,1517,2504
/Users/Usuario/Code/master/tfm/res/dataset/lumos_x_281_540_dcm/lumos_x_446/lumos_x_446_2.Dcm,1741,2570
/Users/Usuario/Code/master/tfm/res/dataset/lumos_x_281_540_dcm/lumos_x_402/lumos_x_402_1.Dcm,1647,3225
/Users/Usuario/Code/master/tfm/res/dataset/lumos_x_281_540_dcm/lumos_x_402/lumos_x_402_2.Dcm,1981,3320
/Users/Usuario/Code/master/tfm/res/dataset/lumos_x_281_540_dcm/lumos_x_298/lumos_x_298_1.Dcm,1782,3001
/Users/Usuario/Code/master/tfm/res/dataset/lumos_x_281_540_dcm/lumos_x_298/lumos_x_298_2.Dcm,2082,3001
/Users/Usuario/Code/master/tfm/res/dataset/lumos_x_281_540_dcm/lumos_x_405/lumos_x_405_1.Dcm,1734,2989
/Users/Usuario/Code/master/tfm/res/dataset/lumos_x_281_540_dcm/lumos_x_405/lumos_x_405_2.Dcm,1850,3001
/Users/Usuario/Code/master/tfm/res/dataset/lumos_x_281_540_dcm/lumos_x_291/lumos_x_291_1.Dcm,1748,2995
/Users/Usuario/Code/master/tfm/res/dataset/lumos_x_281_540_dcm/lumos_x_291/lumos_x_291_2.Dcm,1978,3001
/Users/Usuario/Code/master/tfm/res/dataset/lumos_x_281_540_dcm/lumos_x_433/lumos_x_433_1.Dcm,1341,2259
/Users/Usuario/Code/master/tfm/res/dataset/lumos_x_281_540_dcm/lumos_x_433/lumos_x_433_2.Dcm,1494,2466
/Users/Usuario/Code/master/tfm/res/dataset/lumos_x_281_540_dcm/lumos_x_434/lumos_x_434_1.Dcm,1654,2960
/Users/Usuario/Code/master/tfm/res/dataset/lumos_x_281_540_dcm/lumos_x_434/lumos_x_434_2.Dcm,1575,2238
/Users/Usuario/Code/master/tfm/res/dataset/lumos_x_281_540_dcm/lumos_x_296/lumos_x_296_1.Dcm,1264,2897
/Users/Usuario/Code/master/tfm/res/dataset/lumos_x_281_540_dcm/lumos_x_296/lumos_x_296_2.Dcm,1889,2935
/Users/Usuario/Code/master/tfm/res/dataset/lumos_x_281_540_dcm/lumos_x_460/lumos_x_460_1.Dcm,1861,3320
/Users/Usuario/Code/master/tfm/res/dataset/lumos_x_281_540_dcm/lumos_x_460/lumos_x_460_2.Dcm,2535,3320
/Users/Usuario/Code/master/tfm/res/dataset/lumos_x_281_540_dcm/lumos_x_494/lumos_x_494_1.Dcm,1491,2441
/Users/Usuario/Code/master/tfm/res/dataset/lumos_x_281_540_dcm/lumos_x_494/lumos_x_494_2.Dcm,1633,2241
/Users/Usuario/Code/master/tfm/res/dataset/lumos_x_281_540_dcm/lumos_x_493/lumos_x_493_1.Dcm,1491,2977
/Users/Usuario/Code/master/tfm/res/dataset/lumos_x_281_540_dcm/lumos_x_493/lumos_x_493_2.Dcm,1897,2984
/Users/Usuario/Code/master/tfm/res/dataset/lumos_x_281_540_dcm/lumos_x_467/lumos_x_467_1.Dcm,1537,3001
/Users/Usuario/Code/master/tfm/res/dataset/lumos_x_281_540_dcm/lumos_x_467/lumos_x_467_2.Dcm,1723,2775
/Users/Usuario/Code/master/tfm/res/dataset/lumos_x_281_540_dcm/lumos_x_458/lumos_x_458_1.Dcm,1733,2952
/Users/Usuario/Code/master/tfm/res/dataset/lumos_x_281_540_dcm/lumos_x_458/lumos_x_458_2.Dcm,2300,2949
/Users/Usuario/Code/master/tfm/res/dataset/lumos_x_281_540_dcm/lumos_x_451/lumos_x_451_1.Dcm,1388,3001
/Users/Usuario/Code/master/tfm/res/dataset/lumos_x_281_540_dcm/lumos_x_451/lumos_x_451_2.Dcm,1606,2812
/Users/Usuario/Code/master/tfm/res/dataset/lumos_x_281_540_dcm/lumos_x_456/lumos_x_456_1.Dcm,1711,2984
/Users/Usuario/Code/master/tfm/res/dataset/lumos_x_281_540_dcm/lumos_x_456/lumos_x_456_2.Dcm,1991,2978
/Users/Usuario/Code/master/tfm/res/dataset/lumos_x_281_540_dcm/lumos_x_469/lumos_x_469_1.Dcm,1455,2864
/Users/Usuario/Code/master/tfm/res/dataset/lumos_x_281_540_dcm/lumos_x_469/lumos_x_469_2.Dcm,1430,2992
/Users/Usuario/Code/master/tfm/res/dataset/lumos_x_281_540_dcm/lumos_x_297/lumos_x_297_1.Dcm,1584,2995
/Users/Usuario/Code/master/tfm/res/dataset/lumos_x_281_540_dcm/lumos_x_297/lumos_x_297_2.Dcm,1847,3001
/Users/Usuario/Code/master/tfm/res/dataset/lumos_x_281_540_dcm/lumos_x_435/lumos_x_435_1.Dcm,2097,3001
/Users/Usuario/Code/master/tfm/res/dataset/lumos_x_281_540_dcm/lumos_x_435/lumos_x_435_2.Dcm,1603,3001
/Users/Usuario/Code/master/tfm/res/dataset/lumos_x_281_540_dcm/lumos_x_432/lumos_x_432_1.Dcm,1660,2990
/Users/Usuario/Code/master/tfm/res/dataset/lumos_x_281_540_dcm/lumos_x_432/lumos_x_432_2.Dcm,1885,2984
/Users/Usuario/Code/master/tfm/res/dataset/lumos_x_281_540_dcm/lumos_x_290/lumos_x_290_1.Dcm,1786,3001
/Users/Usuario/Code/master/tfm/res/dataset/lumos_x_281_540_dcm/lumos_x_290/lumos_x_290_2.Dcm,1788,3001
/Users/Usuario/Code/master/tfm/res/dataset/lumos_x_281_540_dcm/lumos_x_299/lumos_x_299_1.Dcm,1590,2381
/Users/Usuario/Code/master/tfm/res/dataset/lumos_x_281_540_dcm/lumos_x_299/lumos_x_299_2.Dcm,1767,2760
/Users/Usuario/Code/master/tfm/res/dataset/lumos_x_281_540_dcm/lumos_x_404/lumos_x_404_1.Dcm,1745,2986
/Users/Usuario/Code/master/tfm/res/dataset/lumos_x_281_540_dcm/lumos_x_404/lumos_x_404_2.Dcm,1739,2982
/Users/Usuario/Code/master/tfm/res/dataset/lumos_x_281_540_dcm/lumos_x_403/lumos_x_403_1.Dcm,1785,2441
/Users/Usuario/Code/master/tfm/res/dataset/lumos_x_281_540_dcm/lumos_x_403/lumos_x_403_2.Dcm,1795,3001
/Users/Usuario/Code/master/tfm/res/dataset/lumos_x_281_540_dcm/lumos_x_457/lumos_x_457_1.Dcm,1764,2991
/Users/Usuario/Code/master/tfm/res/dataset/lumos_x_281_540_dcm/lumos_x_457/lumos_x_457_2.Dcm,2100,2993
/Users/Usuario/Code/master/tfm/res/dataset/lumos_x_281_540_dcm/lumos_x_468/lumos_x_468_1.Dcm,1780,3001
/Users/Usuario/Code/master/tfm/res/dataset/lumos_x_281_540_dcm/lumos_x_468/lumos_x_468_2.Dcm,2493,3001
/Users/Usuario/Code/master/tfm/res/dataset/lumos_x_281_540_dcm/lumos_x_450/lumos_x_450_1.Dcm,1769,3001
/Users/Usuario/Code/master/tfm/res/dataset/lumos_x_281_540_dcm/lumos_x_450/lumos_x_450_2.Dcm,1959,2975
/Users/Usuario/Code/master/tfm/res/dataset/lumos_x_281_540_dcm/lumos_x_466/lumos_x_466_1.Dcm,1732,2973
/Users/Usuario/Code/master/tfm/res/dataset/lumos_x_281_540_dcm/lumos_x_466/lumos_x_466_2.Dcm,2137,2961
/Users/Usuario/Code/master/tfm/res/dataset/lumos_x_281_540_dcm/lumos_x_492/lumos_x_492_1.Dcm,1726,2970
/Users/Usuario/Code/master/tfm/res/dataset/lumos_x_281_540_dcm/lumos_x_492/lumos_x_492_2.Dcm,1735,2954
/Users/Usuario/Code/master/tfm/res/dataset/lumos_x_281_540_dcm/lumos_x_459/lumos_x_459_1.Dcm,1474,2966
/Users/Usuario/Code/master/tfm/res/dataset/lumos_x_281_540_dcm/lumos_x_459/lumos_x_459_2.Dcm,1827,2965
/Users/Usuario/Code/master/tfm/res/dataset/lumos_x_281_540_dcm/lumos_x_495/lumos_x_495_1.Dcm,1774,3001
/Users/Usuario/Code/master/tfm/res/dataset/lumos_x_281_540_dcm/lumos_x_495/lumos_x_495_2.Dcm,1778,3001
/Users/Usuario/Code/master/tfm/res/dataset/lumos_x_281_540_dcm/lumos_x_461/lumos_x_461_1.Dcm,1641,2519
/Users/Usuario/Code/master/tfm/res/dataset/lumos_x_281_540_dcm/lumos_x_461/lumos_x_461_2.Dcm,1716,2399
/Users/Usuario/Code/master/tfm/res/dataset/lumos_x_281_540_dcm/lumos_x_513/lumos_x_513_1.Dcm,1343,2523
/Users/Usuario/Code/master/tfm/res/dataset/lumos_x_281_540_dcm/lumos_x_513/lumos_x_513_2.Dcm,1515,2434
/Users/Usuario/Code/master/tfm/res/dataset/lumos_x_281_540_dcm/lumos_x_345/lumos_x_345_1.Dcm,1461,2907
/Users/Usuario/Code/master/tfm/res/dataset/lumos_x_281_540_dcm/lumos_x_345/lumos_x_345_2.Dcm,1721,2880
/Users/Usuario/Code/master/tfm/res/dataset/lumos_x_281_540_dcm/lumos_x_389/lumos_x_389_1.Dcm,1708,2945
/Users/Usuario/Code/master/tfm/res/dataset/lumos_x_281_540_dcm/lumos_x_389/lumos_x_389_2.Dcm,1681,2943
/Users/Usuario/Code/master/tfm/res/dataset/lumos_x_281_540_dcm/lumos_x_342/lumos_x_342_1.Dcm,1518,2219
/Users/Usuario/Code/master/tfm/res/dataset/lumos_x_281_540_dcm/lumos_x_342/lumos_x_342_2.Dcm,1546,2292
/Users/Usuario/Code/master/tfm/res/dataset/lumos_x_281_540_dcm/lumos_x_514/lumos_x_514_1.Dcm,1754,2989
/Users/Usuario/Code/master/tfm/res/dataset/lumos_x_281_540_dcm/lumos_x_514/lumos_x_514_2.Dcm,1748,2990
/Users/Usuario/Code/master/tfm/res/dataset/lumos_x_281_540_dcm/lumos_x_380/lumos_x_380_1.Dcm,1529,2760
/Users/Usuario/Code/master/tfm/res/dataset/lumos_x_281_540_dcm/lumos_x_380/lumos_x_380_2.Dcm,1455,2736
/Users/Usuario/Code/master/tfm/res/dataset/lumos_x_281_540_dcm/lumos_x_522/lumos_x_522_1.Dcm,1516,2647
/Users/Usuario/Code/master/tfm/res/dataset/lumos_x_281_540_dcm/lumos_x_522/lumos_x_522_2.Dcm,1733,2954
/Users/Usuario/Code/master/tfm/res/dataset/lumos_x_281_540_dcm/lumos_x_374/lumos_x_374_1.Dcm,1912,3320
/Users/Usuario/Code/master/tfm/res/dataset/lumos_x_281_540_dcm/lumos_x_374/lumos_x_374_2.Dcm,2293,3320
/Users/Usuario/Code/master/tfm/res/dataset/lumos_x_281_540_dcm/lumos_x_373/lumos_x_373_1.Dcm,1728,2978
/Users/Usuario/Code/master/tfm/res/dataset/lumos_x_281_540_dcm/lumos_x_373/lumos_x_373_2.Dcm,1733,2989
/Users/Usuario/Code/master/tfm/res/dataset/lumos_x_281_540_dcm/lumos_x_525/lumos_x_525_1.Dcm,1788,3248
/Users/Usuario/Code/master/tfm/res/dataset/lumos_x_281_540_dcm/lumos_x_525/lumos_x_525_2.Dcm,1752,3025
/Users/Usuario/Code/master/tfm/res/dataset/lumos_x_281_540_dcm/lumos_x_387/lumos_x_387_1.Dcm,1786,3001
/Users/Usuario/Code/master/tfm/res/dataset/lumos_x_281_540_dcm/lumos_x_387/lumos_x_387_2.Dcm,1785,3001
/Users/Usuario/Code/master/tfm/res/dataset/lumos_x_281_540_dcm/lumos_x_327/lumos_x_327_1.Dcm,1692,2973
/Users/Usuario/Code/master/tfm/res/dataset/lumos_x_281_540_dcm/lumos_x_327/lumos_x_327_2.Dcm,1695,2974
/Users/Usuario/Code/master/tfm/res/dataset/lumos_x_281_540_dcm/lumos_x_318/lumos_x_318_1.Dcm,1517,2510
/Users/Usuario/Code/master/tfm/res/dataset/lumos_x_281_540_dcm/lumos_x_318/lumos_x_318_2.Dcm,1842,2958
/Users/Usuario/Code/master/tfm/res/dataset/lumos_x_281_540_dcm/lumos_x_320/lumos_x_320_1.Dcm,1726,2962
/Users/Usuario/Code/master/tfm/res/dataset/lumos_x_281_540_dcm/lumos_x_320/lumos_x_320_2.Dcm,1851,2966
/Users/Usuario/Code/master/tfm/res/dataset/lumos_x_281_540_dcm/lumos_x_316/lumos_x_316_1.Dcm,1729,2995
/Users/Usuario/Code/master/tfm/res/dataset/lumos_x_281_540_dcm/lumos_x_316/lumos_x_316_2.Dcm,1725,2980
/Users/Usuario/Code/master/tfm/res/dataset/lumos_x_281_540_dcm/lumos_x_540/lumos_x_540_1.Dcm,1742,2955
/Users/Usuario/Code/master/tfm/res/dataset/lumos_x_281_540_dcm/lumos_x_540/lumos_x_540_2.Dcm,1740,2949
/Users/Usuario/Code/master/tfm/res/dataset/lumos_x_281_540_dcm/lumos_x_329/lumos_x_329_1.Dcm,1776,3001
/Users/Usuario/Code/master/tfm/res/dataset/lumos_x_281_540_dcm/lumos_x_329/lumos_x_329_2.Dcm,2001,3001
/Users/Usuario/Code/master/tfm/res/dataset/lumos_x_281_540_dcm/lumos_x_311/lumos_x_311_1.Dcm,1497,2927
/Users/Usuario/Code/master/tfm/res/dataset/lumos_x_281_540_dcm/lumos_x_311/lumos_x_311_2.Dcm,2145,2968
/Users/Usuario/Code/master/tfm/res/dataset/lumos_x_281_540_dcm/lumos_x_386/lumos_x_386_1.Dcm,1710,2961
/Users/Usuario/Code/master/tfm/res/dataset/lumos_x_281_540_dcm/lumos_x_386/lumos_x_386_2.Dcm,2135,2973
/Users/Usuario/Code/master/tfm/res/dataset/lumos_x_281_540_dcm/lumos_x_372/lumos_x_372_1.Dcm,1757,2978
/Users/Usuario/Code/master/tfm/res/dataset/lumos_x_281_540_dcm/lumos_x_372/lumos_x_372_2.Dcm,1747,2988
/Users/Usuario/Code/master/tfm/res/dataset/lumos_x_281_540_dcm/lumos_x_524/lumos_x_524_1.Dcm,2190,2606
/Users/Usuario/Code/master/tfm/res/dataset/lumos_x_281_540_dcm/lumos_x_524/lumos_x_524_2.Dcm,2586,2639
/Users/Usuario/Code/master/tfm/res/dataset/lumos_x_281_540_dcm/lumos_x_523/lumos_x_523_1.Dcm,1789,3001
/Users/Usuario/Code/master/tfm/res/dataset/lumos_x_281_540_dcm/lumos_x_523/lumos_x_523_2.Dcm,1787,2995
/Users/Usuario/Code/master/tfm/res/dataset/lumos_x_281_540_dcm/lumos_x_375/lumos_x_375_1.Dcm,1795,3001
/Users/Usuario/Code/master/tfm/res/dataset/lumos_x_281_540_dcm/lumos_x_375/lumos_x_375_2.Dcm,1881,2396
/Users/Usuario/Code/master/tfm/res/dataset/lumos_x_281_540_dcm/lumos_x_381/lumos_x_381_1.Dcm,1747,2915
/Users/Usuario/Code/master/tfm/res/dataset/lumos_x_281_540_dcm/lumos_x_381/lumos_x_381_2.Dcm,1746,2917
/Users/Usuario/Code/master/tfm/res/dataset/lumos_x_281_540_dcm/lumos_x_388/lumos_x_388_1.Dcm,1750,3001
/Users/Usuario/Code/master/tfm/res/dataset/lumos_x_281_540_dcm/lumos_x_388/lumos_x_388_2.Dcm,1719,3001
/Users/Usuario/Code/master/tfm/res/dataset/lumos_x_281_540_dcm/lumos_x_343/lumos_x_343_1.Dcm,1716,2974
/Users/Usuario/Code/master/tfm/res/dataset/lumos_x_281_540_dcm/lumos_x_343/lumos_x_343_2.Dcm,2280,2974
/Users/Usuario/Code/master/tfm/res/dataset/lumos_x_281_540_dcm/lumos_x_515/lumos_x_515_1.Dcm,1866,3001
/Users/Usuario/Code/master/tfm/res/dataset/lumos_x_281_540_dcm/lumos_x_515/lumos_x_515_2.Dcm,1847,2989
/Users/Usuario/Code/master/tfm/res/dataset/lumos_x_281_540_dcm/lumos_x_512/lumos_x_512_1.Dcm,1773,2977
/Users/Usuario/Code/master/tfm/res/dataset/lumos_x_281_540_dcm/lumos_x_512/lumos_x_512_2.Dcm,1784,2976
/Users/Usuario/Code/master/tfm/res/dataset/lumos_x_281_540_dcm/lumos_x_344/lumos_x_344_1.Dcm,1709,2990
/Users/Usuario/Code/master/tfm/res/dataset/lumos_x_281_540_dcm/lumos_x_344/lumos_x_344_2.Dcm,1714,2978
/Users/Usuario/Code/master/tfm/res/dataset/lumos_x_281_540_dcm/lumos_x_310/lumos_x_310_1.Dcm,1321,2356
/Users/Usuario/Code/master/tfm/res/dataset/lumos_x_281_540_dcm/lumos_x_310/lumos_x_310_2.Dcm,1573,2251
/Users/Usuario/Code/master/tfm/res/dataset/lumos_x_281_540_dcm/lumos_x_317/lumos_x_317_1.Dcm,1727,2995
/Users/Usuario/Code/master/tfm/res/dataset/lumos_x_281_540_dcm/lumos_x_317/lumos_x_317_2.Dcm,1931,2632
/Users/Usuario/Code/master/tfm/res/dataset/lumos_x_281_540_dcm/lumos_x_328/lumos_x_328_1.Dcm,1970,2973
/Users/Usuario/Code/master/tfm/res/dataset/lumos_x_281_540_dcm/lumos_x_328/lumos_x_328_2.Dcm,1804,2971
/Users/Usuario/Code/master/tfm/res/dataset/lumos_x_281_540_dcm/lumos_x_321/lumos_x_321_1.Dcm,1952,3130
/Users/Usuario/Code/master/tfm/res/dataset/lumos_x_281_540_dcm/lumos_x_321/lumos_x_321_2.Dcm,1552,3130
/Users/Usuario/Code/master/tfm/res/dataset/lumos_x_281_540_dcm/lumos_x_326/lumos_x_326_1.Dcm,1739,2992
/Users/Usuario/Code/master/tfm/res/dataset/lumos_x_281_540_dcm/lumos_x_326/lumos_x_326_2.Dcm,1747,2978
/Users/Usuario/Code/master/tfm/res/dataset/lumos_x_281_540_dcm/lumos_x_319/lumos_x_319_1.Dcm,1421,2552
/Users/Usuario/Code/master/tfm/res/dataset/lumos_x_281_540_dcm/lumos_x_319/lumos_x_319_2.Dcm,1762,2489
/Users/Usuario/Code/master/tfm/res/dataset/lumos_x_281_540_dcm/lumos_x_304/lumos_x_304_1.Dcm,1457,2645
/Users/Usuario/Code/master/tfm/res/dataset/lumos_x_281_540_dcm/lumos_x_304/lumos_x_304_2.Dcm,1508,2372
/Users/Usuario/Code/master/tfm/res/dataset/lumos_x_281_540_dcm/lumos_x_303/lumos_x_303_1.Dcm,1677,2967
/Users/Usuario/Code/master/tfm/res/dataset/lumos_x_281_540_dcm/lumos_x_303/lumos_x_303_2.Dcm,2007,2957
/Users/Usuario/Code/master/tfm/res/dataset/lumos_x_281_540_dcm/lumos_x_335/lumos_x_335_1.Dcm,1596,2844
/Users/Usuario/Code/master/tfm/res/dataset/lumos_x_281_540_dcm/lumos_x_335/lumos_x_335_2.Dcm,1779,2610
/Users/Usuario/Code/master/tfm/res/dataset/lumos_x_281_540_dcm/lumos_x_332/lumos_x_332_1.Dcm,1777,3001
/Users/Usuario/Code/master/tfm/res/dataset/lumos_x_281_540_dcm/lumos_x_332/lumos_x_332_2.Dcm,1785,3001
/Users/Usuario/Code/master/tfm/res/dataset/lumos_x_281_540_dcm/lumos_x_392/lumos_x_392_1.Dcm,1726,2958
/Users/Usuario/Code/master/tfm/res/dataset/lumos_x_281_540_dcm/lumos_x_392/lumos_x_392_2.Dcm,1962,2955
/Users/Usuario/Code/master/tfm/res/dataset/lumos_x_281_540_dcm/lumos_x_366/lumos_x_366_1.Dcm,1442,3001
/Users/Usuario/Code/master/tfm/res/dataset/lumos_x_281_540_dcm/lumos_x_366/lumos_x_366_2.Dcm,1786,2991
/Users/Usuario/Code/master/tfm/res/dataset/lumos_x_281_540_dcm/lumos_x_530/lumos_x_530_1.Dcm,1389,2341
/Users/Usuario/Code/master/tfm/res/dataset/lumos_x_281_540_dcm/lumos_x_530/lumos_x_530_2.Dcm,1614,2381
/Users/Usuario/Code/master/tfm/res/dataset/lumos_x_281_540_dcm/lumos_x_359/lumos_x_359_1.Dcm,1521,2258
/Users/Usuario/Code/master/tfm/res/dataset/lumos_x_281_540_dcm/lumos_x_359/lumos_x_359_2.Dcm,1591,2466
/Users/Usuario/Code/master/tfm/res/dataset/lumos_x_281_540_dcm/lumos_x_537/lumos_x_537_1.Dcm,1846,2982
/Users/Usuario/Code/master/tfm/res/dataset/lumos_x_281_540_dcm/lumos_x_537/lumos_x_537_2.Dcm,1930,2977
/Users/Usuario/Code/master/tfm/res/dataset/lumos_x_281_540_dcm/lumos_x_361/lumos_x_361_1.Dcm,2409,3084
/Users/Usuario/Code/master/tfm/res/dataset/lumos_x_281_540_dcm/lumos_x_361/lumos_x_361_2.Dcm,1922,3320
/Users/Usuario/Code/master/tfm/res/dataset/lumos_x_281_540_dcm/lumos_x_395/lumos_x_395_1.Dcm,1743,2991
/Users/Usuario/Code/master/tfm/res/dataset/lumos_x_281_540_dcm/lumos_x_395/lumos_x_395_2.Dcm,1617,2791
/Users/Usuario/Code/master/tfm/res/dataset/lumos_x_281_540_dcm/lumos_x_508/lumos_x_508_1.Dcm,1519,2731
/Users/Usuario/Code/master/tfm/res/dataset/lumos_x_281_540_dcm/lumos_x_508/lumos_x_508_2.Dcm,1640,2589
/Users/Usuario/Code/master/tfm/res/dataset/lumos_x_281_540_dcm/lumos_x_357/lumos_x_357_1.Dcm,1775,3001
/Users/Usuario/Code/master/tfm/res/dataset/lumos_x_281_540_dcm/lumos_x_357/lumos_x_357_2.Dcm,1942,2978
/Users/Usuario/Code/master/tfm/res/dataset/lumos_x_281_540_dcm/lumos_x_501/lumos_x_501_1.Dcm,1423,2399
/Users/Usuario/Code/master/tfm/res/dataset/lumos_x_281_540_dcm/lumos_x_501/lumos_x_501_2.Dcm,1629,2259
/Users/Usuario/Code/master/tfm/res/dataset/lumos_x_281_540_dcm/lumos_x_368/lumos_x_368_1.Dcm,1619,2222
/Users/Usuario/Code/master/tfm/res/dataset/lumos_x_281_540_dcm/lumos_x_368/lumos_x_368_2.Dcm,1477,2262
/Users/Usuario/Code/master/tfm/res/dataset/lumos_x_281_540_dcm/lumos_x_506/lumos_x_506_1.Dcm,1712,2991
/Users/Usuario/Code/master/tfm/res/dataset/lumos_x_281_540_dcm/lumos_x_506/lumos_x_506_2.Dcm,1710,2987
/Users/Usuario/Code/master/tfm/res/dataset/lumos_x_281_540_dcm/lumos_x_350/lumos_x_350_1.Dcm,1759,2907
/Users/Usuario/Code/master/tfm/res/dataset/lumos_x_281_540_dcm/lumos_x_350/lumos_x_350_2.Dcm,1768,2860
/Users/Usuario/Code/master/tfm/res/dataset/lumos_x_281_540_dcm/lumos_x_539/lumos_x_539_1.Dcm,1754,2992
/Users/Usuario/Code/master/tfm/res/dataset/lumos_x_281_540_dcm/lumos_x_539/lumos_x_539_2.Dcm,1984,3001
/Users/Usuario/Code/master/tfm/res/dataset/lumos_x_281_540_dcm/lumos_x_333/lumos_x_333_1.Dcm,1727,2929
/Users/Usuario/Code/master/tfm/res/dataset/lumos_x_281_540_dcm/lumos_x_333/lumos_x_333_2.Dcm,1725,2935
/Users/Usuario/Code/master/tfm/res/dataset/lumos_x_281_540_dcm/lumos_x_334/lumos_x_334_1.Dcm,1751,2969
/Users/Usuario/Code/master/tfm/res/dataset/lumos_x_281_540_dcm/lumos_x_334/lumos_x_334_2.Dcm,1760,2976
/Users/Usuario/Code/master/tfm/res/dataset/lumos_x_281_540_dcm/lumos_x_302/lumos_x_302_1.Dcm,1770,3001
/Users/Usuario/Code/master/tfm/res/dataset/lumos_x_281_540_dcm/lumos_x_302/lumos_x_302_2.Dcm,1780,3001
/Users/Usuario/Code/master/tfm/res/dataset/lumos_x_281_540_dcm/lumos_x_305/lumos_x_305_1.Dcm,1746,2977
/Users/Usuario/Code/master/tfm/res/dataset/lumos_x_281_540_dcm/lumos_x_305/lumos_x_305_2.Dcm,1747,2978
/Users/Usuario/Code/master/tfm/res/dataset/lumos_x_281_540_dcm/lumos_x_507/lumos_x_507_1.Dcm,1776,2975
/Users/Usuario/Code/master/tfm/res/dataset/lumos_x_281_540_dcm/lumos_x_507/lumos_x_507_2.Dcm,1770,3001
/Users/Usuario/Code/master/tfm/res/dataset/lumos_x_281_540_dcm/lumos_x_351/lumos_x_351_1.Dcm,1560,2537
/Users/Usuario/Code/master/tfm/res/dataset/lumos_x_281_540_dcm/lumos_x_351/lumos_x_351_2.Dcm,1752,2606
/Users/Usuario/Code/master/tfm/res/dataset/lumos_x_281_540_dcm/lumos_x_538/lumos_x_538_1.Dcm,1494,2623
/Users/Usuario/Code/master/tfm/res/dataset/lumos_x_281_540_dcm/lumos_x_538/lumos_x_538_2.Dcm,1720,2963
/Users/Usuario/Code/master/tfm/res/dataset/lumos_x_281_540_dcm/lumos_x_356/lumos_x_356_1.Dcm,1366,2522
/Users/Usuario/Code/master/tfm/res/dataset/lumos_x_281_540_dcm/lumos_x_356/lumos_x_356_2.Dcm,1558,2655
/Users/Usuario/Code/master/tfm/res/dataset/lumos_x_281_540_dcm/lumos_x_500/lumos_x_500_1.Dcm,1488,2341
/Users/Usuario/Code/master/tfm/res/dataset/lumos_x_281_540_dcm/lumos_x_500/lumos_x_500_2.Dcm,1533,1971
/Users/Usuario/Code/master/tfm/res/dataset/lumos_x_281_540_dcm/lumos_x_369/lumos_x_369_1.Dcm,1686,2976
/Users/Usuario/Code/master/tfm/res/dataset/lumos_x_281_540_dcm/lumos_x_369/lumos_x_369_2.Dcm,2172,2977
/Users/Usuario/Code/master/tfm/res/dataset/lumos_x_281_540_dcm/lumos_x_394/lumos_x_394_1.Dcm,1789,2976
/Users/Usuario/Code/master/tfm/res/dataset/lumos_x_281_540_dcm/lumos_x_394/lumos_x_394_2.Dcm,1964,2986
/Users/Usuario/Code/master/tfm/res/dataset/lumos_x_281_540_dcm/lumos_x_536/lumos_x_536_1.Dcm,1472,2384
/Users/Usuario/Code/master/tfm/res/dataset/lumos_x_281_540_dcm/lumos_x_536/lumos_x_536_2.Dcm,1489,2701
/Users/Usuario/Code/master/tfm/res/dataset/lumos_x_281_540_dcm/lumos_x_360/lumos_x_360_1.Dcm,1580,2293
/Users/Usuario/Code/master/tfm/res/dataset/lumos_x_281_540_dcm/lumos_x_360/lumos_x_360_2.Dcm,1725,2609
/Users/Usuario/Code/master/tfm/res/dataset/lumos_x_281_540_dcm/lumos_x_509/lumos_x_509_1.Dcm,1630,2963
/Users/Usuario/Code/master/tfm/res/dataset/lumos_x_281_540_dcm/lumos_x_509/lumos_x_509_2.Dcm,1882,2622
/Users/Usuario/Code/master/tfm/res/dataset/lumos_x_281_540_dcm/lumos_x_367/lumos_x_367_1.Dcm,1597,2659
/Users/Usuario/Code/master/tfm/res/dataset/lumos_x_281_540_dcm/lumos_x_367/lumos_x_367_2.Dcm,1650,2683
/Users/Usuario/Code/master/tfm/res/dataset/lumos_x_281_540_dcm/lumos_x_531/lumos_x_531_1.Dcm,1705,2992
/Users/Usuario/Code/master/tfm/res/dataset/lumos_x_281_540_dcm/lumos_x_531/lumos_x_531_2.Dcm,1895,2988
/Users/Usuario/Code/master/tfm/res/dataset/lumos_x_281_540_dcm/lumos_x_393/lumos_x_393_1.Dcm,1453,3001
/Users/Usuario/Code/master/tfm/res/dataset/lumos_x_281_540_dcm/lumos_x_393/lumos_x_393_2.Dcm,1768,3001
/Users/Usuario/Code/master/tfm/res/dataset/lumos_x_281_540_dcm/lumos_x_358/lumos_x_358_1.Dcm,1474,2469
/Users/Usuario/Code/master/tfm/res/dataset/lumos_x_281_540_dcm/lumos_x_358/lumos_x_358_2.Dcm,1518,2498
/Users/Usuario/Code/master/tfm/res/dataset/lumos_x_281_540_dcm/lumos_x_488/lumos_x_488_1.Dcm,1565,2577
/Users/Usuario/Code/master/tfm/res/dataset/lumos_x_281_540_dcm/lumos_x_488/lumos_x_488_2.Dcm,1593,2311
/Users/Usuario/Code/master/tfm/res/dataset/lumos_x_281_540_dcm/lumos_x_443/lumos_x_443_1.Dcm,1683,2957
/Users/Usuario/Code/master/tfm/res/dataset/lumos_x_281_540_dcm/lumos_x_443/lumos_x_443_2.Dcm,1682,2924
/Users/Usuario/Code/master/tfm/res/dataset/lumos_x_281_540_dcm/lumos_x_444/lumos_x_444_1.Dcm,1736,2994
/Users/Usuario/Code/master/tfm/res/dataset/lumos_x_281_540_dcm/lumos_x_444/lumos_x_444_2.Dcm,1724,2996
/Users/Usuario/Code/master/tfm/res/dataset/lumos_x_281_540_dcm/lumos_x_472/lumos_x_472_1.Dcm,1610,2778
/Users/Usuario/Code/master/tfm/res/dataset/lumos_x_281_540_dcm/lumos_x_472/lumos_x_472_2.Dcm,1670,2930
/Users/Usuario/Code/master/tfm/res/dataset/lumos_x_281_540_dcm/lumos_x_486/lumos_x_486_1.Dcm,1704,2979
/Users/Usuario/Code/master/tfm/res/dataset/lumos_x_281_540_dcm/lumos_x_486/lumos_x_486_2.Dcm,1599,2969
/Users/Usuario/Code/master/tfm/res/dataset/lumos_x_281_540_dcm/lumos_x_481/lumos_x_481_1.Dcm,1754,2884
/Users/Usuario/Code/master/tfm/res/dataset/lumos_x_281_540_dcm/lumos_x_481/lumos_x_481_2.Dcm,1774,2190
/Users/Usuario/Code/master/tfm/res/dataset/lumos_x_281_540_dcm/lumos_x_475/lumos_x_475_1.Dcm,1559,2320
/Users/Usuario/Code/master/tfm/res/dataset/lumos_x_281_540_dcm/lumos_x_475/lumos_x_475_2.Dcm,1784,2219
/Users/Usuario/Code/master/tfm/res/dataset/lumos_x_281_540_dcm/lumos_x_283/lumos_x_283_1.Dcm,1725,2991
/Users/Usuario/Code/master/tfm/res/dataset/lumos_x_281_540_dcm/lumos_x_283/lumos_x_283_2.Dcm,1726,2977
/Users/Usuario/Code/master/tfm/res/dataset/lumos_x_281_540_dcm/lumos_x_421/lumos_x_421_1.Dcm,1733,2963
/Users/Usuario/Code/master/tfm/res/dataset/lumos_x_281_540_dcm/lumos_x_421/lumos_x_421_2.Dcm,1718,2965
/Users/Usuario/Code/master/tfm/res/dataset/lumos_x_281_540_dcm/lumos_x_426/lumos_x_426_1.Dcm,1723,2994
/Users/Usuario/Code/master/tfm/res/dataset/lumos_x_281_540_dcm/lumos_x_426/lumos_x_426_2.Dcm,1709,3001
/Users/Usuario/Code/master/tfm/res/dataset/lumos_x_281_540_dcm/lumos_x_284/lumos_x_284_1.Dcm,1785,2981
/Users/Usuario/Code/master/tfm/res/dataset/lumos_x_281_540_dcm/lumos_x_284/lumos_x_284_2.Dcm,1895,3001
/Users/Usuario/Code/master/tfm/res/dataset/lumos_x_281_540_dcm/lumos_x_419/lumos_x_419_1.Dcm,1431,2428
/Users/Usuario/Code/master/tfm/res/dataset/lumos_x_281_540_dcm/lumos_x_419/lumos_x_419_2.Dcm,1312,2184
/Users/Usuario/Code/master/tfm/res/dataset/lumos_x_281_540_dcm/lumos_x_410/lumos_x_410_1.Dcm,1912,2920
/Users/Usuario/Code/master/tfm/res/dataset/lumos_x_281_540_dcm/lumos_x_410/lumos_x_410_2.Dcm,2051,2922
/Users/Usuario/Code/master/tfm/res/dataset/lumos_x_281_540_dcm/lumos_x_417/lumos_x_417_1.Dcm,1706,2951
/Users/Usuario/Code/master/tfm/res/dataset/lumos_x_281_540_dcm/lumos_x_417/lumos_x_417_2.Dcm,1706,2948
/Users/Usuario/Code/master/tfm/res/dataset/lumos_x_281_540_dcm/lumos_x_428/lumos_x_428_1.Dcm,1734,3001
/Users/Usuario/Code/master/tfm/res/dataset/lumos_x_281_540_dcm/lumos_x_428/lumos_x_428_2.Dcm,1731,2980
/Users/Usuario/Code/master/tfm/res/dataset/lumos_x_281_540_dcm/lumos_x_474/lumos_x_474_1.Dcm,1774,2538
/Users/Usuario/Code/master/tfm/res/dataset/lumos_x_281_540_dcm/lumos_x_474/lumos_x_474_2.Dcm,1742,2403
/Users/Usuario/Code/master/tfm/res/dataset/lumos_x_281_540_dcm/lumos_x_480/lumos_x_480_1.Dcm,1786,2989
/Users/Usuario/Code/master/tfm/res/dataset/lumos_x_281_540_dcm/lumos_x_480/lumos_x_480_2.Dcm,1799,2978
/Users/Usuario/Code/master/tfm/res/dataset/lumos_x_281_540_dcm/lumos_x_487/lumos_x_487_1.Dcm,1741,2991
/Users/Usuario/Code/master/tfm/res/dataset/lumos_x_281_540_dcm/lumos_x_487/lumos_x_487_2.Dcm,2204,2987
/Users/Usuario/Code/master/tfm/res/dataset/lumos_x_281_540_dcm/lumos_x_473/lumos_x_473_1.Dcm,1764,3001
/Users/Usuario/Code/master/tfm/res/dataset/lumos_x_281_540_dcm/lumos_x_473/lumos_x_473_2.Dcm,1749,3001
/Users/Usuario/Code/master/tfm/res/dataset/lumos_x_281_540_dcm/lumos_x_445/lumos_x_445_1.Dcm,1479,2804
/Users/Usuario/Code/master/tfm/res/dataset/lumos_x_281_540_dcm/lumos_x_445/lumos_x_445_2.Dcm,1527,2978
/Users/Usuario/Code/master/tfm/res/dataset/lumos_x_281_540_dcm/lumos_x_489/lumos_x_489_1.Dcm,1847,2658
/Users/Usuario/Code/master/tfm/res/dataset/lumos_x_281_540_dcm/lumos_x_489/lumos_x_489_2.Dcm,1721,2818
/Users/Usuario/Code/master/tfm/res/dataset/lumos_x_281_540_dcm/lumos_x_416/lumos_x_416_1.Dcm,1747,3001
/Users/Usuario/Code/master/tfm/res/dataset/lumos_x_281_540_dcm/lumos_x_416/lumos_x_416_2.Dcm,1772,3001
/Users/Usuario/Code/master/tfm/res/dataset/lumos_x_281_540_dcm/lumos_x_429/lumos_x_429_1.Dcm,1744,2987
/Users/Usuario/Code/master/tfm/res/dataset/lumos_x_281_540_dcm/lumos_x_429/lumos_x_429_2.Dcm,1758,2978
/Users/Usuario/Code/master/tfm/res/dataset/lumos_x_281_540_dcm/lumos_x_411/lumos_x_411_1.Dcm,1773,2978
/Users/Usuario/Code/master/tfm/res/dataset/lumos_x_281_540_dcm/lumos_x_411/lumos_x_411_2.Dcm,2084,3001
/Users/Usuario/Code/master/tfm/res/dataset/lumos_x_281_540_dcm/lumos_x_285/lumos_x_285_1.Dcm,1677,2930
/Users/Usuario/Code/master/tfm/res/dataset/lumos_x_281_540_dcm/lumos_x_285/lumos_x_285_2.Dcm,1681,2931
/Users/Usuario/Code/master/tfm/res/dataset/lumos_x_281_540_dcm/lumos_x_427/lumos_x_427_1.Dcm,1786,2975
/Users/Usuario/Code/master/tfm/res/dataset/lumos_x_281_540_dcm/lumos_x_427/lumos_x_427_2.Dcm,1787,2977
/Users/Usuario/Code/master/tfm/res/dataset/lumos_x_281_540_dcm/lumos_x_418/lumos_x_418_1.Dcm,1737,2978
/Users/Usuario/Code/master/tfm/res/dataset/lumos_x_281_540_dcm/lumos_x_418/lumos_x_418_2.Dcm,2067,2978
/Users/Usuario/Code/master/tfm/res/dataset/lumos_x_281_540_dcm/lumos_x_420/lumos_x_420_1.Dcm,2076,2962
/Users/Usuario/Code/master/tfm/res/dataset/lumos_x_281_540_dcm/lumos_x_420/lumos_x_420_2.Dcm,1938,2962
/Users/Usuario/Code/master/tfm/res/dataset/lumos_x_281_540_dcm/lumos_x_282/lumos_x_282_1.Dcm,1911,3320
/Users/Usuario/Code/master/tfm/res/dataset/lumos_x_281_540_dcm/lumos_x_282/lumos_x_282_2.Dcm,1891,3320
/Users/Usuario/Code/master/tfm/res/dataset/lumos_x_741_770_dcm/lumos_x_747/lumos_x_747_1.Dcm,1695,3001
/Users/Usuario/Code/master/tfm/res/dataset/lumos_x_741_770_dcm/lumos_x_747/lumos_x_747_2.Dcm,1753,3001
/Users/Usuario/Code/master/tfm/res/dataset/lumos_x_741_770_dcm/lumos_x_749/lumos_x_749_1.Dcm,1534,2709
/Users/Usuario/Code/master/tfm/res/dataset/lumos_x_741_770_dcm/lumos_x_749/lumos_x_749_2.Dcm,1636,2779
/Users/Usuario/Code/master/tfm/res/dataset/lumos_x_741_770_dcm/lumos_x_770/lumos_x_770_1.Dcm,1729,2988
/Users/Usuario/Code/master/tfm/res/dataset/lumos_x_741_770_dcm/lumos_x_770/lumos_x_770_2.Dcm,1920,2649
/Users/Usuario/Code/master/tfm/res/dataset/lumos_x_741_770_dcm/lumos_x_748/lumos_x_748_1.Dcm,1754,3001
/Users/Usuario/Code/master/tfm/res/dataset/lumos_x_741_770_dcm/lumos_x_748/lumos_x_748_2.Dcm,1746,3001
/Users/Usuario/Code/master/tfm/res/dataset/lumos_x_741_770_dcm/lumos_x_741/lumos_x_741_1.Dcm,1740,3001
/Users/Usuario/Code/master/tfm/res/dataset/lumos_x_741_770_dcm/lumos_x_741/lumos_x_741_2.Dcm,2071,3001
/Users/Usuario/Code/master/tfm/res/dataset/lumos_x_741_770_dcm/lumos_x_746/lumos_x_746_1.Dcm,1712,2969
/Users/Usuario/Code/master/tfm/res/dataset/lumos_x_741_770_dcm/lumos_x_746/lumos_x_746_2.Dcm,1835,2978
/Users/Usuario/Code/master/tfm/res/dataset/lumos_x_741_770_dcm/lumos_x_764/lumos_x_764_1.Dcm,1972,3320
/Users/Usuario/Code/master/tfm/res/dataset/lumos_x_741_770_dcm/lumos_x_764/lumos_x_764_2.Dcm,1774,3156
/Users/Usuario/Code/master/tfm/res/dataset/lumos_x_741_770_dcm/lumos_x_763/lumos_x_763_1.Dcm,1316,2702
/Users/Usuario/Code/master/tfm/res/dataset/lumos_x_741_770_dcm/lumos_x_763/lumos_x_763_2.Dcm,1316,2700
/Users/Usuario/Code/master/tfm/res/dataset/lumos_x_741_770_dcm/lumos_x_755/lumos_x_755_1.Dcm,1742,2990
/Users/Usuario/Code/master/tfm/res/dataset/lumos_x_741_770_dcm/lumos_x_755/lumos_x_755_2.Dcm,1757,3001
/Users/Usuario/Code/master/tfm/res/dataset/lumos_x_741_770_dcm/lumos_x_752/lumos_x_752_1.Dcm,1495,2722
/Users/Usuario/Code/master/tfm/res/dataset/lumos_x_741_770_dcm/lumos_x_752/lumos_x_752_2.Dcm,1641,2552
/Users/Usuario/Code/master/tfm/res/dataset/lumos_x_741_770_dcm/lumos_x_753/lumos_x_753_1.Dcm,1487,2244
/Users/Usuario/Code/master/tfm/res/dataset/lumos_x_741_770_dcm/lumos_x_753/lumos_x_753_2.Dcm,1781,2977
/Users/Usuario/Code/master/tfm/res/dataset/lumos_x_741_770_dcm/lumos_x_754/lumos_x_754_1.Dcm,1648,2843
/Users/Usuario/Code/master/tfm/res/dataset/lumos_x_741_770_dcm/lumos_x_754/lumos_x_754_2.Dcm,1917,2818
/Users/Usuario/Code/master/tfm/res/dataset/lumos_x_741_770_dcm/lumos_x_762/lumos_x_762_1.Dcm,1771,2988
/Users/Usuario/Code/master/tfm/res/dataset/lumos_x_741_770_dcm/lumos_x_762/lumos_x_762_2.Dcm,1768,2977
/Users/Usuario/Code/master/tfm/res/dataset/lumos_x_741_770_dcm/lumos_x_765/lumos_x_765_1.Dcm,1724,2771
/Users/Usuario/Code/master/tfm/res/dataset/lumos_x_741_770_dcm/lumos_x_765/lumos_x_765_2.Dcm,2046,2980
/Users/Usuario/Code/master/tfm/res/dataset/lumos_x_741_770_dcm/lumos_x_743/lumos_x_743_1.Dcm,1703,2442
/Users/Usuario/Code/master/tfm/res/dataset/lumos_x_741_770_dcm/lumos_x_743/lumos_x_743_2.Dcm,1423,2224
/Users/Usuario/Code/master/tfm/res/dataset/lumos_x_741_770_dcm/lumos_x_744/lumos_x_744_1.Dcm,1332,2591
/Users/Usuario/Code/master/tfm/res/dataset/lumos_x_741_770_dcm/lumos_x_744/lumos_x_744_2.Dcm,1621,2468
/Users/Usuario/Code/master/tfm/res/dataset/lumos_x_741_770_dcm/lumos_x_745/lumos_x_745_1.Dcm,2032,2983
/Users/Usuario/Code/master/tfm/res/dataset/lumos_x_741_770_dcm/lumos_x_745/lumos_x_745_2.Dcm,1954,3001
/Users/Usuario/Code/master/tfm/res/dataset/lumos_x_741_770_dcm/lumos_x_742/lumos_x_742_1.Dcm,1797,3001
/Users/Usuario/Code/master/tfm/res/dataset/lumos_x_741_770_dcm/lumos_x_742/lumos_x_742_2.Dcm,2376,3001
/Users/Usuario/Code/master/tfm/res/dataset/lumos_x_741_770_dcm/lumos_x_760/lumos_x_760_1.Dcm,1567,2785
/Users/Usuario/Code/master/tfm/res/dataset/lumos_x_741_770_dcm/lumos_x_760/lumos_x_760_2.Dcm,1707,2924
/Users/Usuario/Code/master/tfm/res/dataset/lumos_x_741_770_dcm/lumos_x_758/lumos_x_758_1.Dcm,1605,2595
/Users/Usuario/Code/master/tfm/res/dataset/lumos_x_741_770_dcm/lumos_x_758/lumos_x_758_2.Dcm,1782,2499
/Users/Usuario/Code/master/tfm/res/dataset/lumos_x_741_770_dcm/lumos_x_767/lumos_x_767_1.Dcm,1569,2486
/Users/Usuario/Code/master/tfm/res/dataset/lumos_x_741_770_dcm/lumos_x_767/lumos_x_767_2.Dcm,1616,2524
/Users/Usuario/Code/master/tfm/res/dataset/lumos_x_741_770_dcm/lumos_x_751/lumos_x_751_1.Dcm,1709,2435
/Users/Usuario/Code/master/tfm/res/dataset/lumos_x_741_770_dcm/lumos_x_751/lumos_x_751_2.Dcm,1848,2608
/Users/Usuario/Code/master/tfm/res/dataset/lumos_x_741_770_dcm/lumos_x_769/lumos_x_769_1.Dcm,1502,2989
/Users/Usuario/Code/master/tfm/res/dataset/lumos_x_741_770_dcm/lumos_x_769/lumos_x_769_2.Dcm,1790,3001
/Users/Usuario/Code/master/tfm/res/dataset/lumos_x_741_770_dcm/lumos_x_756/lumos_x_756_1.Dcm,1504,2817
/Users/Usuario/Code/master/tfm/res/dataset/lumos_x_741_770_dcm/lumos_x_756/lumos_x_756_2.Dcm,1742,2291
/Users/Usuario/Code/master/tfm/res/dataset/lumos_x_741_770_dcm/lumos_x_768/lumos_x_768_1.Dcm,1445,2437
/Users/Usuario/Code/master/tfm/res/dataset/lumos_x_741_770_dcm/lumos_x_768/lumos_x_768_2.Dcm,1787,2695
/Users/Usuario/Code/master/tfm/res/dataset/lumos_x_741_770_dcm/lumos_x_757/lumos_x_757_1.Dcm,1685,2951
/Users/Usuario/Code/master/tfm/res/dataset/lumos_x_741_770_dcm/lumos_x_757/lumos_x_757_2.Dcm,1687,2952
/Users/Usuario/Code/master/tfm/res/dataset/lumos_x_741_770_dcm/lumos_x_750/lumos_x_750_1.Dcm,1706,2500
/Users/Usuario/Code/master/tfm/res/dataset/lumos_x_741_770_dcm/lumos_x_750/lumos_x_750_2.Dcm,1705,2559
/Users/Usuario/Code/master/tfm/res/dataset/lumos_x_741_770_dcm/lumos_x_759/lumos_x_759_1.Dcm,1325,2404
/Users/Usuario/Code/master/tfm/res/dataset/lumos_x_741_770_dcm/lumos_x_759/lumos_x_759_2.Dcm,1806,2174
/Users/Usuario/Code/master/tfm/res/dataset/lumos_x_741_770_dcm/lumos_x_766/lumos_x_766_1.Dcm,1786,2973
/Users/Usuario/Code/master/tfm/res/dataset/lumos_x_741_770_dcm/lumos_x_766/lumos_x_766_2.Dcm,1782,3001
/Users/Usuario/Code/master/tfm/res/dataset/lumos_x_741_770_dcm/lumos_x_761/lumos_x_761_1.Dcm,1825,3320
/Users/Usuario/Code/master/tfm/res/dataset/lumos_x_741_770_dcm/lumos_x_761/lumos_x_761_2.Dcm,2032,3320
/Users/Usuario/Code/master/tfm/res/dataset/lumos_x_671_740_dcm/lumos_x_693/lumos_x_693_1.Dcm,1758,3001
/Users/Usuario/Code/master/tfm/res/dataset/lumos_x_671_740_dcm/lumos_x_693/lumos_x_693_2.Dcm,1848,3001
/Users/Usuario/Code/master/tfm/res/dataset/lumos_x_671_740_dcm/lumos_x_693/lumos_x_693_3.Dcm,3001,3001
/Users/Usuario/Code/master/tfm/res/dataset/lumos_x_671_740_dcm/lumos_x_693/lumos_x_693_4.Dcm,1765,2992
/Users/Usuario/Code/master/tfm/res/dataset/lumos_x_671_740_dcm/lumos_x_694/lumos_x_694_1.Dcm,1737,2979
/Users/Usuario/Code/master/tfm/res/dataset/lumos_x_671_740_dcm/lumos_x_694/lumos_x_694_2.Dcm,1854,2977
/Users/Usuario/Code/master/tfm/res/dataset/lumos_x_671_740_dcm/lumos_x_695/lumos_x_695_1.Dcm,1732,2961
/Users/Usuario/Code/master/tfm/res/dataset/lumos_x_671_740_dcm/lumos_x_695/lumos_x_695_2.Dcm,1716,2958
/Users/Usuario/Code/master/tfm/res/dataset/lumos_x_671_740_dcm/lumos_x_692/lumos_x_692_1.Dcm,1787,3001
/Users/Usuario/Code/master/tfm/res/dataset/lumos_x_671_740_dcm/lumos_x_692/lumos_x_692_2.Dcm,1785,2978
/Users/Usuario/Code/master/tfm/res/dataset/lumos_x_671_740_dcm/lumos_x_740/lumos_x_740_1.Dcm,1480,2418
/Users/Usuario/Code/master/tfm/res/dataset/lumos_x_671_740_dcm/lumos_x_740/lumos_x_740_2.Dcm,1579,2332
/Users/Usuario/Code/master/tfm/res/dataset/lumos_x_671_740_dcm/lumos_x_725/lumos_x_725_1.Dcm,1325,2204
/Users/Usuario/Code/master/tfm/res/dataset/lumos_x_671_740_dcm/lumos_x_725/lumos_x_725_2.Dcm,1596,2569
/Users/Usuario/Code/master/tfm/res/dataset/lumos_x_671_740_dcm/lumos_x_722/lumos_x_722_1.Dcm,1736,2992
/Users/Usuario/Code/master/tfm/res/dataset/lumos_x_671_740_dcm/lumos_x_722/lumos_x_722_2.Dcm,2149,2993
/Users/Usuario/Code/master/tfm/res/dataset/lumos_x_671_740_dcm/lumos_x_714/lumos_x_714_1.Dcm,1812,2974
/Users/Usuario/Code/master/tfm/res/dataset/lumos_x_671_740_dcm/lumos_x_714/lumos_x_714_2.Dcm,1951,2978
/Users/Usuario/Code/master/tfm/res/dataset/lumos_x_671_740_dcm/lumos_x_713/lumos_x_713_1.Dcm,1489,2715
/Users/Usuario/Code/master/tfm/res/dataset/lumos_x_671_740_dcm/lumos_x_713/lumos_x_713_2.Dcm,1770,3001
/Users/Usuario/Code/master/tfm/res/dataset/lumos_x_671_740_dcm/lumos_x_712/lumos_x_712_1.Dcm,1736,3001
/Users/Usuario/Code/master/tfm/res/dataset/lumos_x_671_740_dcm/lumos_x_712/lumos_x_712_2.Dcm,1736,2985
/Users/Usuario/Code/master/tfm/res/dataset/lumos_x_671_740_dcm/lumos_x_715/lumos_x_715_1.Dcm,1702,2976
/Users/Usuario/Code/master/tfm/res/dataset/lumos_x_671_740_dcm/lumos_x_715/lumos_x_715_2.Dcm,1669,2977
/Users/Usuario/Code/master/tfm/res/dataset/lumos_x_671_740_dcm/lumos_x_723/lumos_x_723_1.Dcm,1697,2978
/Users/Usuario/Code/master/tfm/res/dataset/lumos_x_671_740_dcm/lumos_x_723/lumos_x_723_2.Dcm,1703,2978
/Users/Usuario/Code/master/tfm/res/dataset/lumos_x_671_740_dcm/lumos_x_724/lumos_x_724_1.Dcm,1720,2952
/Users/Usuario/Code/master/tfm/res/dataset/lumos_x_671_740_dcm/lumos_x_724/lumos_x_724_2.Dcm,1887,2959
/Users/Usuario/Code/master/tfm/res/dataset/lumos_x_671_740_dcm/lumos_x_706/lumos_x_706_1.Dcm,1693,2974
/Users/Usuario/Code/master/tfm/res/dataset/lumos_x_671_740_dcm/lumos_x_706/lumos_x_706_2.Dcm,2079,2965
/Users/Usuario/Code/master/tfm/res/dataset/lumos_x_671_740_dcm/lumos_x_739/lumos_x_739_1.Dcm,1715,2983
/Users/Usuario/Code/master/tfm/res/dataset/lumos_x_671_740_dcm/lumos_x_739/lumos_x_739_2.Dcm,1702,2998
/Users/Usuario/Code/master/tfm/res/dataset/lumos_x_671_740_dcm/lumos_x_701/lumos_x_701_1.Dcm,1459,2997
/Users/Usuario/Code/master/tfm/res/dataset/lumos_x_671_740_dcm/lumos_x_701/lumos_x_701_2.Dcm,1790,2758
/Users/Usuario/Code/master/tfm/res/dataset/lumos_x_671_740_dcm/lumos_x_737/lumos_x_737_1.Dcm,1714,3001
/Users/Usuario/Code/master/tfm/res/dataset/lumos_x_671_740_dcm/lumos_x_737/lumos_x_737_2.Dcm,1729,3001
/Users/Usuario/Code/master/tfm/res/dataset/lumos_x_671_740_dcm/lumos_x_708/lumos_x_708_1.Dcm,1780,2336
/Users/Usuario/Code/master/tfm/res/dataset/lumos_x_671_740_dcm/lumos_x_708/lumos_x_708_2.Dcm,1787,2554
/Users/Usuario/Code/master/tfm/res/dataset/lumos_x_671_740_dcm/lumos_x_730/lumos_x_730_1.Dcm,1922,3320
/Users/Usuario/Code/master/tfm/res/dataset/lumos_x_671_740_dcm/lumos_x_730/lumos_x_730_2.Dcm,1911,3320
/Users/Usuario/Code/master/tfm/res/dataset/lumos_x_671_740_dcm/lumos_x_731/lumos_x_731_1.Dcm,1731,2987
/Users/Usuario/Code/master/tfm/res/dataset/lumos_x_671_740_dcm/lumos_x_731/lumos_x_731_2.Dcm,1724,2978
/Users/Usuario/Code/master/tfm/res/dataset/lumos_x_671_740_dcm/lumos_x_736/lumos_x_736_1.Dcm,1792,2983
/Users/Usuario/Code/master/tfm/res/dataset/lumos_x_671_740_dcm/lumos_x_736/lumos_x_736_2.Dcm,1827,2981
/Users/Usuario/Code/master/tfm/res/dataset/lumos_x_671_740_dcm/lumos_x_709/lumos_x_709_1.Dcm,1707,2978
/Users/Usuario/Code/master/tfm/res/dataset/lumos_x_671_740_dcm/lumos_x_709/lumos_x_709_2.Dcm,1851,2984
/Users/Usuario/Code/master/tfm/res/dataset/lumos_x_671_740_dcm/lumos_x_700/lumos_x_700_1.Dcm,1388,2591
/Users/Usuario/Code/master/tfm/res/dataset/lumos_x_671_740_dcm/lumos_x_700/lumos_x_700_2.Dcm,1879,2416
/Users/Usuario/Code/master/tfm/res/dataset/lumos_x_671_740_dcm/lumos_x_707/lumos_x_707_1.Dcm,1736,2985
/Users/Usuario/Code/master/tfm/res/dataset/lumos_x_671_740_dcm/lumos_x_707/lumos_x_707_2.Dcm,1698,2982
/Users/Usuario/Code/master/tfm/res/dataset/lumos_x_671_740_dcm/lumos_x_738/lumos_x_738_1.Dcm,1390,2532
/Users/Usuario/Code/master/tfm/res/dataset/lumos_x_671_740_dcm/lumos_x_738/lumos_x_738_2.Dcm,1735,2978
/Users/Usuario/Code/master/tfm/res/dataset/lumos_x_671_740_dcm/lumos_x_675/lumos_x_675_1.Dcm,1512,3001
/Users/Usuario/Code/master/tfm/res/dataset/lumos_x_671_740_dcm/lumos_x_675/lumos_x_675_2.Dcm,1565,2987
/Users/Usuario/Code/master/tfm/res/dataset/lumos_x_671_740_dcm/lumos_x_681/lumos_x_681_1.Dcm,2954,2485
/Users/Usuario/Code/master/tfm/res/dataset/lumos_x_671_740_dcm/lumos_x_681/lumos_x_681_2.Dcm,2062,2993
/Users/Usuario/Code/master/tfm/res/dataset/lumos_x_671_740_dcm/lumos_x_686/lumos_x_686_1.Dcm,1737,2989
/Users/Usuario/Code/master/tfm/res/dataset/lumos_x_671_740_dcm/lumos_x_686/lumos_x_686_2.Dcm,1727,3001
/Users/Usuario/Code/master/tfm/res/dataset/lumos_x_671_740_dcm/lumos_x_672/lumos_x_672_1.Dcm,1255,2415
/Users/Usuario/Code/master/tfm/res/dataset/lumos_x_671_740_dcm/lumos_x_672/lumos_x_672_2.Dcm,1726,2955
/Users/Usuario/Code/master/tfm/res/dataset/lumos_x_671_740_dcm/lumos_x_688/lumos_x_688_1.Dcm,1881,3320
/Users/Usuario/Code/master/tfm/res/dataset/lumos_x_671_740_dcm/lumos_x_688/lumos_x_688_2.Dcm,1921,3320
/Users/Usuario/Code/master/tfm/res/dataset/lumos_x_671_740_dcm/lumos_x_689/lumos_x_689_1.Dcm,1462,2412
/Users/Usuario/Code/master/tfm/res/dataset/lumos_x_671_740_dcm/lumos_x_689/lumos_x_689_2.Dcm,2101,2345
/Users/Usuario/Code/master/tfm/res/dataset/lumos_x_671_740_dcm/lumos_x_673/lumos_x_673_1.Dcm,1777,3001
/Users/Usuario/Code/master/tfm/res/dataset/lumos_x_671_740_dcm/lumos_x_673/lumos_x_673_2.Dcm,1903,2905
/Users/Usuario/Code/master/tfm/res/dataset/lumos_x_671_740_dcm/lumos_x_687/lumos_x_687_1.Dcm,1318,2215
/Users/Usuario/Code/master/tfm/res/dataset/lumos_x_671_740_dcm/lumos_x_687/lumos_x_687_2.Dcm,1869,2271
/Users/Usuario/Code/master/tfm/res/dataset/lumos_x_671_740_dcm/lumos_x_680/lumos_x_680_1.Dcm,1723,2989
/Users/Usuario/Code/master/tfm/res/dataset/lumos_x_671_740_dcm/lumos_x_680/lumos_x_680_2.Dcm,1732,2978
/Users/Usuario/Code/master/tfm/res/dataset/lumos_x_671_740_dcm/lumos_x_674/lumos_x_674_1.Dcm,1657,2977
/Users/Usuario/Code/master/tfm/res/dataset/lumos_x_671_740_dcm/lumos_x_674/lumos_x_674_2.Dcm,1478,2977
/Users/Usuario/Code/master/tfm/res/dataset/lumos_x_671_740_dcm/lumos_x_699/lumos_x_699_1.Dcm,1741,2699
/Users/Usuario/Code/master/tfm/res/dataset/lumos_x_671_740_dcm/lumos_x_699/lumos_x_699_2.Dcm,2034,2771
/Users/Usuario/Code/master/tfm/res/dataset/lumos_x_671_740_dcm/lumos_x_697/lumos_x_697_1.Dcm,1741,2425
/Users/Usuario/Code/master/tfm/res/dataset/lumos_x_671_740_dcm/lumos_x_697/lumos_x_697_2.Dcm,1330,2166
/Users/Usuario/Code/master/tfm/res/dataset/lumos_x_671_740_dcm/lumos_x_690/lumos_x_690_1.Dcm,1682,2957
/Users/Usuario/Code/master/tfm/res/dataset/lumos_x_671_740_dcm/lumos_x_690/lumos_x_690_2.Dcm,1680,2945
/Users/Usuario/Code/master/tfm/res/dataset/lumos_x_671_740_dcm/lumos_x_691/lumos_x_691_1.Dcm,1539,2472
/Users/Usuario/Code/master/tfm/res/dataset/lumos_x_671_740_dcm/lumos_x_691/lumos_x_691_2.Dcm,1781,2544
/Users/Usuario/Code/master/tfm/res/dataset/lumos_x_671_740_dcm/lumos_x_696/lumos_x_696_1.Dcm,1546,2978
/Users/Usuario/Code/master/tfm/res/dataset/lumos_x_671_740_dcm/lumos_x_696/lumos_x_696_2.Dcm,1744,3001
/Users/Usuario/Code/master/tfm/res/dataset/lumos_x_671_740_dcm/lumos_x_698/lumos_x_698_1.Dcm,1761,3001
/Users/Usuario/Code/master/tfm/res/dataset/lumos_x_671_740_dcm/lumos_x_698/lumos_x_698_2.Dcm,1692,3001
/Users/Usuario/Code/master/tfm/res/dataset/lumos_x_671_740_dcm/lumos_x_721/lumos_x_721_1.Dcm,1554,2640
/Users/Usuario/Code/master/tfm/res/dataset/lumos_x_671_740_dcm/lumos_x_721/lumos_x_721_2.Dcm,1926,2963
/Users/Usuario/Code/master/tfm/res/dataset/lumos_x_671_740_dcm/lumos_x_719/lumos_x_719_1.Dcm,1488,2647
/Users/Usuario/Code/master/tfm/res/dataset/lumos_x_671_740_dcm/lumos_x_719/lumos_x_719_2.Dcm,1549,2508
/Users/Usuario/Code/master/tfm/res/dataset/lumos_x_671_740_dcm/lumos_x_726/lumos_x_726_1.Dcm,1779,2975
/Users/Usuario/Code/master/tfm/res/dataset/lumos_x_671_740_dcm/lumos_x_726/lumos_x_726_2.Dcm,1890,3001
/Users/Usuario/Code/master/tfm/res/dataset/lumos_x_671_740_dcm/lumos_x_710/lumos_x_710_1.Dcm,1407,2350
/Users/Usuario/Code/master/tfm/res/dataset/lumos_x_671_740_dcm/lumos_x_710/lumos_x_710_2.Dcm,1623,2345
/Users/Usuario/Code/master/tfm/res/dataset/lumos_x_671_740_dcm/lumos_x_728/lumos_x_728_1.Dcm,1373,2341
/Users/Usuario/Code/master/tfm/res/dataset/lumos_x_671_740_dcm/lumos_x_728/lumos_x_728_2.Dcm,1684,2162
/Users/Usuario/Code/master/tfm/res/dataset/lumos_x_671_740_dcm/lumos_x_717/lumos_x_717_1.Dcm,1561,2118
/Users/Usuario/Code/master/tfm/res/dataset/lumos_x_671_740_dcm/lumos_x_717/lumos_x_717_2.Dcm,1813,1860
/Users/Usuario/Code/master/tfm/res/dataset/lumos_x_671_740_dcm/lumos_x_729/lumos_x_729_1.Dcm,1990,2980
/Users/Usuario/Code/master/tfm/res/dataset/lumos_x_671_740_dcm/lumos_x_729/lumos_x_729_2.Dcm,1929,3001
/Users/Usuario/Code/master/tfm/res/dataset/lumos_x_671_740_dcm/lumos_x_716/lumos_x_716_1.Dcm,1204,2890
/Users/Usuario/Code/master/tfm/res/dataset/lumos_x_671_740_dcm/lumos_x_716/lumos_x_716_2.Dcm,1672,2663
/Users/Usuario/Code/master/tfm/res/dataset/lumos_x_671_740_dcm/lumos_x_711/lumos_x_711_1.Dcm,1740,3001
/Users/Usuario/Code/master/tfm/res/dataset/lumos_x_671_740_dcm/lumos_x_711/lumos_x_711_2.Dcm,2093,3001
/Users/Usuario/Code/master/tfm/res/dataset/lumos_x_671_740_dcm/lumos_x_718/lumos_x_718_1.Dcm,1737,2972
/Users/Usuario/Code/master/tfm/res/dataset/lumos_x_671_740_dcm/lumos_x_718/lumos_x_718_2.Dcm,2127,2978
/Users/Usuario/Code/master/tfm/res/dataset/lumos_x_671_740_dcm/lumos_x_727/lumos_x_727_1.Dcm,1720,2952
/Users/Usuario/Code/master/tfm/res/dataset/lumos_x_671_740_dcm/lumos_x_727/lumos_x_727_2.Dcm,2284,2953
/Users/Usuario/Code/master/tfm/res/dataset/lumos_x_671_740_dcm/lumos_x_720/lumos_x_720_1.Dcm,1483,2247
/Users/Usuario/Code/master/tfm/res/dataset/lumos_x_671_740_dcm/lumos_x_720/lumos_x_720_2.Dcm,1642,2958
/Users/Usuario/Code/master/tfm/res/dataset/lumos_x_671_740_dcm/lumos_x_702/lumos_x_702_1.Dcm,1280,2378
/Users/Usuario/Code/master/tfm/res/dataset/lumos_x_671_740_dcm/lumos_x_702/lumos_x_702_2.Dcm,1685,2927
/Users/Usuario/Code/master/tfm/res/dataset/lumos_x_671_740_dcm/lumos_x_705/lumos_x_705_1.Dcm,1524,2313
/Users/Usuario/Code/master/tfm/res/dataset/lumos_x_671_740_dcm/lumos_x_705/lumos_x_705_2.Dcm,1581,2524
/Users/Usuario/Code/master/tfm/res/dataset/lumos_x_671_740_dcm/lumos_x_733/lumos_x_733_1.Dcm,1461,2606
/Users/Usuario/Code/master/tfm/res/dataset/lumos_x_671_740_dcm/lumos_x_733/lumos_x_733_2.Dcm,1769,2647
/Users/Usuario/Code/master/tfm/res/dataset/lumos_x_671_740_dcm/lumos_x_734/lumos_x_734_1.Dcm,1768,2988
/Users/Usuario/Code/master/tfm/res/dataset/lumos_x_671_740_dcm/lumos_x_734/lumos_x_734_2.Dcm,1777,2976
/Users/Usuario/Code/master/tfm/res/dataset/lumos_x_671_740_dcm/lumos_x_735/lumos_x_735_1.Dcm,1460,2664
/Users/Usuario/Code/master/tfm/res/dataset/lumos_x_671_740_dcm/lumos_x_735/lumos_x_735_2.Dcm,1739,2644
/Users/Usuario/Code/master/tfm/res/dataset/lumos_x_671_740_dcm/lumos_x_732/lumos_x_732_1.Dcm,1717,2990
/Users/Usuario/Code/master/tfm/res/dataset/lumos_x_671_740_dcm/lumos_x_732/lumos_x_732_2.Dcm,1715,3001
/Users/Usuario/Code/master/tfm/res/dataset/lumos_x_671_740_dcm/lumos_x_704/lumos_x_704_1.Dcm,1762,2977
/Users/Usuario/Code/master/tfm/res/dataset/lumos_x_671_740_dcm/lumos_x_704/lumos_x_704_2.Dcm,1422,2978
/Users/Usuario/Code/master/tfm/res/dataset/lumos_x_671_740_dcm/lumos_x_703/lumos_x_703_1.Dcm,1756,2987
/Users/Usuario/Code/master/tfm/res/dataset/lumos_x_671_740_dcm/lumos_x_703/lumos_x_703_2.Dcm,1743,2992
/Users/Usuario/Code/master/tfm/res/dataset/lumos_x_671_740_dcm/lumos_x_685/lumos_x_685_1.Dcm,1600,2992
/Users/Usuario/Code/master/tfm/res/dataset/lumos_x_671_740_dcm/lumos_x_685/lumos_x_685_2.Dcm,1727,3001
/Users/Usuario/Code/master/tfm/res/dataset/lumos_x_671_740_dcm/lumos_x_671/lumos_x_671_1.Dcm,1633,2788
/Users/Usuario/Code/master/tfm/res/dataset/lumos_x_671_740_dcm/lumos_x_671/lumos_x_671_2.Dcm,1780,2840
/Users/Usuario/Code/master/tfm/res/dataset/lumos_x_671_740_dcm/lumos_x_676/lumos_x_676_1.Dcm,1685,2950
/Users/Usuario/Code/master/tfm/res/dataset/lumos_x_671_740_dcm/lumos_x_676/lumos_x_676_2.Dcm,1676,2945
/Users/Usuario/Code/master/tfm/res/dataset/lumos_x_671_740_dcm/lumos_x_682/lumos_x_682_1.Dcm,1552,2976
/Users/Usuario/Code/master/tfm/res/dataset/lumos_x_671_740_dcm/lumos_x_682/lumos_x_682_2.Dcm,2101,3000
/Users/Usuario/Code/master/tfm/res/dataset/lumos_x_671_740_dcm/lumos_x_678/lumos_x_678_1.Dcm,1621,2655
/Users/Usuario/Code/master/tfm/res/dataset/lumos_x_671_740_dcm/lumos_x_678/lumos_x_678_2.Dcm,1866,2538
/Users/Usuario/Code/master/tfm/res/dataset/lumos_x_671_740_dcm/lumos_x_679/lumos_x_679_1.Dcm,1657,2954
/Users/Usuario/Code/master/tfm/res/dataset/lumos_x_671_740_dcm/lumos_x_679/lumos_x_679_2.Dcm,1857,2690
/Users/Usuario/Code/master/tfm/res/dataset/lumos_x_671_740_dcm/lumos_x_683/lumos_x_683_1.Dcm,1570,2453
/Users/Usuario/Code/master/tfm/res/dataset/lumos_x_671_740_dcm/lumos_x_683/lumos_x_683_2.Dcm,1982,2986
/Users/Usuario/Code/master/tfm/res/dataset/lumos_x_671_740_dcm/lumos_x_677/lumos_x_677_1.Dcm,1737,2993
/Users/Usuario/Code/master/tfm/res/dataset/lumos_x_671_740_dcm/lumos_x_677/lumos_x_677_2.Dcm,2007,3001
/Users/Usuario/Code/master/tfm/res/dataset/lumos_x_671_740_dcm/lumos_x_684/lumos_x_684_1.Dcm,1968,2930
/Users/Usuario/Code/master/tfm/res/dataset/lumos_x_671_740_dcm/lumos_x_684/lumos_x_684_2.Dcm,2108,2950
/Users/Usuario/Code/master/tfm/res/dataset/lumos_x_001_280_dcm/lumos_x_232/lumos_x_232_1.Dcm,2100,2979
/Users/Usuario/Code/master/tfm/res/dataset/lumos_x_001_280_dcm/lumos_x_232/lumos_x_232_2.Dcm,2148,3001
/Users/Usuario/Code/master/tfm/res/dataset/lumos_x_001_280_dcm/lumos_x_007/lumos_x_007_1.Dcm,1498,2862
/Users/Usuario/Code/master/tfm/res/dataset/lumos_x_001_280_dcm/lumos_x_007/lumos_x_007_2.Dcm,1648,2688
/Users/Usuario/Code/master/tfm/res/dataset/lumos_x_001_280_dcm/lumos_x_235/lumos_x_235_1.Dcm,1712,3001
/Users/Usuario/Code/master/tfm/res/dataset/lumos_x_001_280_dcm/lumos_x_235/lumos_x_235_2.Dcm,1662,3001
/Users/Usuario/Code/master/tfm/res/dataset/lumos_x_001_280_dcm/lumos_x_038/lumos_x_038_1.Dcm,1724,2906
/Users/Usuario/Code/master/tfm/res/dataset/lumos_x_001_280_dcm/lumos_x_038/lumos_x_038_2.Dcm,1715,2904
/Users/Usuario/Code/master/tfm/res/dataset/lumos_x_001_280_dcm/lumos_x_031/lumos_x_031_1.Dcm,1520,2397
/Users/Usuario/Code/master/tfm/res/dataset/lumos_x_001_280_dcm/lumos_x_031/lumos_x_031_2.Dcm,1612,2191
/Users/Usuario/Code/master/tfm/res/dataset/lumos_x_001_280_dcm/lumos_x_203/lumos_x_203_1.Dcm,1536,2790
/Users/Usuario/Code/master/tfm/res/dataset/lumos_x_001_280_dcm/lumos_x_203/lumos_x_203_2.Dcm,1628,2997
/Users/Usuario/Code/master/tfm/res/dataset/lumos_x_001_280_dcm/lumos_x_204/lumos_x_204_1.Dcm,1702,3001
/Users/Usuario/Code/master/tfm/res/dataset/lumos_x_001_280_dcm/lumos_x_204/lumos_x_204_2.Dcm,1793,3001
/Users/Usuario/Code/master/tfm/res/dataset/lumos_x_001_280_dcm/lumos_x_036/lumos_x_036_1.Dcm,2019,2998
/Users/Usuario/Code/master/tfm/res/dataset/lumos_x_001_280_dcm/lumos_x_036/lumos_x_036_2.Dcm,1994,2996
/Users/Usuario/Code/master/tfm/res/dataset/lumos_x_001_280_dcm/lumos_x_009/lumos_x_009_1.Dcm,1665,2985
/Users/Usuario/Code/master/tfm/res/dataset/lumos_x_001_280_dcm/lumos_x_009/lumos_x_009_2.Dcm,2024,2991
/Users/Usuario/Code/master/tfm/res/dataset/lumos_x_001_280_dcm/lumos_x_096/lumos_x_096_1.Dcm,1787,3001
/Users/Usuario/Code/master/tfm/res/dataset/lumos_x_001_280_dcm/lumos_x_096/lumos_x_096_2.Dcm,1877,2973
/Users/Usuario/Code/master/tfm/res/dataset/lumos_x_001_280_dcm/lumos_x_062/lumos_x_062_1.Dcm,1677,3001
/Users/Usuario/Code/master/tfm/res/dataset/lumos_x_001_280_dcm/lumos_x_062/lumos_x_062_2.Dcm,1966,3001
/Users/Usuario/Code/master/tfm/res/dataset/lumos_x_001_280_dcm/lumos_x_250/lumos_x_250_1.Dcm,1716,2979
/Users/Usuario/Code/master/tfm/res/dataset/lumos_x_001_280_dcm/lumos_x_250/lumos_x_250_2.Dcm,1714,2979
/Users/Usuario/Code/master/tfm/res/dataset/lumos_x_001_280_dcm/lumos_x_268/lumos_x_268_1.Dcm,1530,2925
/Users/Usuario/Code/master/tfm/res/dataset/lumos_x_001_280_dcm/lumos_x_268/lumos_x_268_2.Dcm,1623,2924
/Users/Usuario/Code/master/tfm/res/dataset/lumos_x_001_280_dcm/lumos_x_257/lumos_x_257_1.Dcm,1795,3001
/Users/Usuario/Code/master/tfm/res/dataset/lumos_x_001_280_dcm/lumos_x_257/lumos_x_257_2.Dcm,2142,3001
/Users/Usuario/Code/master/tfm/res/dataset/lumos_x_001_280_dcm/lumos_x_065/lumos_x_065_1.Dcm,1630,3320
/Users/Usuario/Code/master/tfm/res/dataset/lumos_x_001_280_dcm/lumos_x_065/lumos_x_065_2.Dcm,1911,3320
/Users/Usuario/Code/master/tfm/res/dataset/lumos_x_001_280_dcm/lumos_x_091/lumos_x_091_1.Dcm,1682,2972
/Users/Usuario/Code/master/tfm/res/dataset/lumos_x_001_280_dcm/lumos_x_091/lumos_x_091_2.Dcm,1704,2991
/Users/Usuario/Code/master/tfm/res/dataset/lumos_x_001_280_dcm/lumos_x_091/lumos_x_091_3.Dcm,1948,2972
/Users/Usuario/Code/master/tfm/res/dataset/lumos_x_001_280_dcm/lumos_x_091/lumos_x_091_4.Dcm,1687,2974
/Users/Usuario/Code/master/tfm/res/dataset/lumos_x_001_280_dcm/lumos_x_098/lumos_x_098_1.Dcm,1585,2975
/Users/Usuario/Code/master/tfm/res/dataset/lumos_x_001_280_dcm/lumos_x_098/lumos_x_098_2.Dcm,1586,3001
/Users/Usuario/Code/master/tfm/res/dataset/lumos_x_001_280_dcm/lumos_x_261/lumos_x_261_1.Dcm,1765,3001
/Users/Usuario/Code/master/tfm/res/dataset/lumos_x_001_280_dcm/lumos_x_261/lumos_x_261_2.Dcm,2393,3001
/Users/Usuario/Code/master/tfm/res/dataset/lumos_x_001_280_dcm/lumos_x_053/lumos_x_053_1.Dcm,1777,3001
/Users/Usuario/Code/master/tfm/res/dataset/lumos_x_001_280_dcm/lumos_x_053/lumos_x_053_2.Dcm,1769,3001
/Users/Usuario/Code/master/tfm/res/dataset/lumos_x_001_280_dcm/lumos_x_259/lumos_x_259_1.Dcm,1752,2976
/Users/Usuario/Code/master/tfm/res/dataset/lumos_x_001_280_dcm/lumos_x_259/lumos_x_259_2.Dcm,2131,2981
/Users/Usuario/Code/master/tfm/res/dataset/lumos_x_001_280_dcm/lumos_x_054/lumos_x_054_1.Dcm,1794,2751
/Users/Usuario/Code/master/tfm/res/dataset/lumos_x_001_280_dcm/lumos_x_054/lumos_x_054_2.Dcm,1844,2365
/Users/Usuario/Code/master/tfm/res/dataset/lumos_x_001_280_dcm/lumos_x_266/lumos_x_266_1.Dcm,1735,2583
/Users/Usuario/Code/master/tfm/res/dataset/lumos_x_001_280_dcm/lumos_x_266/lumos_x_266_2.Dcm,1882,2971
/Users/Usuario/Code/master/tfm/res/dataset/lumos_x_001_280_dcm/lumos_x_037/lumos_x_037_1.Dcm,1288,2550
/Users/Usuario/Code/master/tfm/res/dataset/lumos_x_001_280_dcm/lumos_x_037/lumos_x_037_2.Dcm,2106,2453
/Users/Usuario/Code/master/tfm/res/dataset/lumos_x_001_280_dcm/lumos_x_205/lumos_x_205_1.Dcm,1972,2962
/Users/Usuario/Code/master/tfm/res/dataset/lumos_x_001_280_dcm/lumos_x_205/lumos_x_205_2.Dcm,2000,2769
/Users/Usuario/Code/master/tfm/res/dataset/lumos_x_001_280_dcm/lumos_x_008/lumos_x_008_1.Dcm,1696,2842
/Users/Usuario/Code/master/tfm/res/dataset/lumos_x_001_280_dcm/lumos_x_202/lumos_x_202_1.Dcm,1942,3320
/Users/Usuario/Code/master/tfm/res/dataset/lumos_x_001_280_dcm/lumos_x_202/lumos_x_202_2.Dcm,1932,3249
/Users/Usuario/Code/master/tfm/res/dataset/lumos_x_001_280_dcm/lumos_x_030/lumos_x_030_1.Dcm,1660,2870
/Users/Usuario/Code/master/tfm/res/dataset/lumos_x_001_280_dcm/lumos_x_030/lumos_x_030_2.Dcm,1772,2874
/Users/Usuario/Code/master/tfm/res/dataset/lumos_x_001_280_dcm/lumos_x_234/lumos_x_234_1.Dcm,1794,3001
/Users/Usuario/Code/master/tfm/res/dataset/lumos_x_001_280_dcm/lumos_x_234/lumos_x_234_2.Dcm,1839,3001
/Users/Usuario/Code/master/tfm/res/dataset/lumos_x_001_280_dcm/lumos_x_006/lumos_x_006_1.Dcm,1726,2941
/Users/Usuario/Code/master/tfm/res/dataset/lumos_x_001_280_dcm/lumos_x_006/lumos_x_006_2.Dcm,1724,2943
/Users/Usuario/Code/master/tfm/res/dataset/lumos_x_001_280_dcm/lumos_x_039/lumos_x_039_1.Dcm,1801,3001
/Users/Usuario/Code/master/tfm/res/dataset/lumos_x_001_280_dcm/lumos_x_039/lumos_x_039_2.Dcm,1833,3001
/Users/Usuario/Code/master/tfm/res/dataset/lumos_x_001_280_dcm/lumos_x_001/lumos_x_001_1.Dcm,1929,2993
/Users/Usuario/Code/master/tfm/res/dataset/lumos_x_001_280_dcm/lumos_x_001/lumos_x_001_2.Dcm,1908,2988
/Users/Usuario/Code/master/tfm/res/dataset/lumos_x_001_280_dcm/lumos_x_233/lumos_x_233_1.Dcm,1666,2693
/Users/Usuario/Code/master/tfm/res/dataset/lumos_x_001_280_dcm/lumos_x_233/lumos_x_233_2.Dcm,2004,2864
/Users/Usuario/Code/master/tfm/res/dataset/lumos_x_001_280_dcm/lumos_x_258/lumos_x_258_1.Dcm,1778,3001
/Users/Usuario/Code/master/tfm/res/dataset/lumos_x_001_280_dcm/lumos_x_258/lumos_x_258_2.Dcm,1940,2655
/Users/Usuario/Code/master/tfm/res/dataset/lumos_x_001_280_dcm/lumos_x_267/lumos_x_267_1.Dcm,1554,2924
/Users/Usuario/Code/master/tfm/res/dataset/lumos_x_001_280_dcm/lumos_x_267/lumos_x_267_2.Dcm,1613,2720
/Users/Usuario/Code/master/tfm/res/dataset/lumos_x_001_280_dcm/lumos_x_055/lumos_x_055_1.Dcm,1334,2876
/Users/Usuario/Code/master/tfm/res/dataset/lumos_x_001_280_dcm/lumos_x_055/lumos_x_055_2.Dcm,2448,3000
/Users/Usuario/Code/master/tfm/res/dataset/lumos_x_001_280_dcm/lumos_x_099/lumos_x_099_1.Dcm,2154,2965
/Users/Usuario/Code/master/tfm/res/dataset/lumos_x_001_280_dcm/lumos_x_099/lumos_x_099_2.Dcm,2993,2951
/Users/Usuario/Code/master/tfm/res/dataset/lumos_x_001_280_dcm/lumos_x_052/lumos_x_052_1.Dcm,1664,2981
/Users/Usuario/Code/master/tfm/res/dataset/lumos_x_001_280_dcm/lumos_x_052/lumos_x_052_2.Dcm,1930,2997
/Users/Usuario/Code/master/tfm/res/dataset/lumos_x_001_280_dcm/lumos_x_260/lumos_x_260_1.Dcm,1724,2978
/Users/Usuario/Code/master/tfm/res/dataset/lumos_x_001_280_dcm/lumos_x_260/lumos_x_260_2.Dcm,1725,2975
/Users/Usuario/Code/master/tfm/res/dataset/lumos_x_001_280_dcm/lumos_x_269/lumos_x_269_1.Dcm,1489,2639
/Users/Usuario/Code/master/tfm/res/dataset/lumos_x_001_280_dcm/lumos_x_269/lumos_x_269_2.Dcm,1452,2699
/Users/Usuario/Code/master/tfm/res/dataset/lumos_x_001_280_dcm/lumos_x_090/lumos_x_090_1.Dcm,1475,2734
/Users/Usuario/Code/master/tfm/res/dataset/lumos_x_001_280_dcm/lumos_x_090/lumos_x_090_2.Dcm,1777,2719
/Users/Usuario/Code/master/tfm/res/dataset/lumos_x_001_280_dcm/lumos_x_064/lumos_x_064_1.Dcm,1409,2995
/Users/Usuario/Code/master/tfm/res/dataset/lumos_x_001_280_dcm/lumos_x_064/lumos_x_064_2.Dcm,1749,2297
/Users/Usuario/Code/master/tfm/res/dataset/lumos_x_001_280_dcm/lumos_x_256/lumos_x_256_1.Dcm,1708,2930
/Users/Usuario/Code/master/tfm/res/dataset/lumos_x_001_280_dcm/lumos_x_256/lumos_x_256_2.Dcm,1711,2948
/Users/Usuario/Code/master/tfm/res/dataset/lumos_x_001_280_dcm/lumos_x_251/lumos_x_251_1.Dcm,1724,2979
/Users/Usuario/Code/master/tfm/res/dataset/lumos_x_001_280_dcm/lumos_x_251/lumos_x_251_2.Dcm,1720,2975
/Users/Usuario/Code/master/tfm/res/dataset/lumos_x_001_280_dcm/lumos_x_063/lumos_x_063_1.Dcm,1718,2992
/Users/Usuario/Code/master/tfm/res/dataset/lumos_x_001_280_dcm/lumos_x_063/lumos_x_063_2.Dcm,1730,2993
/Users/Usuario/Code/master/tfm/res/dataset/lumos_x_001_280_dcm/lumos_x_097/lumos_x_097_1.Dcm,1743,3001
/Users/Usuario/Code/master/tfm/res/dataset/lumos_x_001_280_dcm/lumos_x_097/lumos_x_097_2.Dcm,1802,3001
/Users/Usuario/Code/master/tfm/res/dataset/lumos_x_001_280_dcm/lumos_x_111/lumos_x_111_1.Dcm,1331,2579
/Users/Usuario/Code/master/tfm/res/dataset/lumos_x_001_280_dcm/lumos_x_111/lumos_x_111_2.Dcm,1433,2705
/Users/Usuario/Code/master/tfm/res/dataset/lumos_x_001_280_dcm/lumos_x_116/lumos_x_116_1.Dcm,2182,2816
/Users/Usuario/Code/master/tfm/res/dataset/lumos_x_001_280_dcm/lumos_x_116/lumos_x_116_2.Dcm,2217,2818
/Users/Usuario/Code/master/tfm/res/dataset/lumos_x_001_280_dcm/lumos_x_129/lumos_x_129_1.Dcm,1510,2882
/Users/Usuario/Code/master/tfm/res/dataset/lumos_x_001_280_dcm/lumos_x_129/lumos_x_129_2.Dcm,1602,2702
/Users/Usuario/Code/master/tfm/res/dataset/lumos_x_001_280_dcm/lumos_x_120/lumos_x_120_1.Dcm,1872,2972
/Users/Usuario/Code/master/tfm/res/dataset/lumos_x_001_280_dcm/lumos_x_120/lumos_x_120_2.Dcm,1715,2973
/Users/Usuario/Code/master/tfm/res/dataset/lumos_x_001_280_dcm/lumos_x_127/lumos_x_127_1.Dcm,1912,3126
/Users/Usuario/Code/master/tfm/res/dataset/lumos_x_001_280_dcm/lumos_x_127/lumos_x_127_2.Dcm,1883,2772
/Users/Usuario/Code/master/tfm/res/dataset/lumos_x_001_280_dcm/lumos_x_118/lumos_x_118_1.Dcm,1685,2988
/Users/Usuario/Code/master/tfm/res/dataset/lumos_x_001_280_dcm/lumos_x_118/lumos_x_118_2.Dcm,1848,2993
/Users/Usuario/Code/master/tfm/res/dataset/lumos_x_001_280_dcm/lumos_x_187/lumos_x_187_1.Dcm,1964,3001
/Users/Usuario/Code/master/tfm/res/dataset/lumos_x_001_280_dcm/lumos_x_187/lumos_x_187_2.Dcm,1998,3001
/Users/Usuario/Code/master/tfm/res/dataset/lumos_x_001_280_dcm/lumos_x_173/lumos_x_173_1.Dcm,1701,2866
/Users/Usuario/Code/master/tfm/res/dataset/lumos_x_001_280_dcm/lumos_x_173/lumos_x_173_2.Dcm,1712,2867
/Users/Usuario/Code/master/tfm/res/dataset/lumos_x_001_280_dcm/lumos_x_174/lumos_x_174_1.Dcm,1675,2818
/Users/Usuario/Code/master/tfm/res/dataset/lumos_x_001_280_dcm/lumos_x_174/lumos_x_174_2.Dcm,1735,2609
/Users/Usuario/Code/master/tfm/res/dataset/lumos_x_001_280_dcm/lumos_x_180/lumos_x_180_1.Dcm,1898,3071
/Users/Usuario/Code/master/tfm/res/dataset/lumos_x_001_280_dcm/lumos_x_180/lumos_x_180_2.Dcm,1781,2691
/Users/Usuario/Code/master/tfm/res/dataset/lumos_x_001_280_dcm/lumos_x_189/lumos_x_189_1.Dcm,1504,3001
/Users/Usuario/Code/master/tfm/res/dataset/lumos_x_001_280_dcm/lumos_x_189/lumos_x_189_2.Dcm,1746,2998
/Users/Usuario/Code/master/tfm/res/dataset/lumos_x_001_280_dcm/lumos_x_142/lumos_x_142_1.Dcm,1717,2993
/Users/Usuario/Code/master/tfm/res/dataset/lumos_x_001_280_dcm/lumos_x_142/lumos_x_142_2.Dcm,2043,2985
/Users/Usuario/Code/master/tfm/res/dataset/lumos_x_001_280_dcm/lumos_x_145/lumos_x_145_1.Dcm,1564,3320
/Users/Usuario/Code/master/tfm/res/dataset/lumos_x_001_280_dcm/lumos_x_145/lumos_x_145_2.Dcm,2594,3320
/Users/Usuario/Code/master/tfm/res/dataset/lumos_x_001_280_dcm/lumos_x_126/lumos_x_126_1.Dcm,1749,3001
/Users/Usuario/Code/master/tfm/res/dataset/lumos_x_001_280_dcm/lumos_x_126/lumos_x_126_2.Dcm,1747,3001
/Users/Usuario/Code/master/tfm/res/dataset/lumos_x_001_280_dcm/lumos_x_119/lumos_x_119_1.Dcm,1796,2413
/Users/Usuario/Code/master/tfm/res/dataset/lumos_x_001_280_dcm/lumos_x_119/lumos_x_119_2.Dcm,1676,2449
/Users/Usuario/Code/master/tfm/res/dataset/lumos_x_001_280_dcm/lumos_x_121/lumos_x_121_1.Dcm,1697,2992
/Users/Usuario/Code/master/tfm/res/dataset/lumos_x_001_280_dcm/lumos_x_121/lumos_x_121_2.Dcm,1552,2699
/Users/Usuario/Code/master/tfm/res/dataset/lumos_x_001_280_dcm/lumos_x_117/lumos_x_117_1.Dcm,1478,2618
/Users/Usuario/Code/master/tfm/res/dataset/lumos_x_001_280_dcm/lumos_x_117/lumos_x_117_2.Dcm,1882,2671
/Users/Usuario/Code/master/tfm/res/dataset/lumos_x_001_280_dcm/lumos_x_128/lumos_x_128_1.Dcm,1471,2861
/Users/Usuario/Code/master/tfm/res/dataset/lumos_x_001_280_dcm/lumos_x_128/lumos_x_128_2.Dcm,1686,2988
/Users/Usuario/Code/master/tfm/res/dataset/lumos_x_001_280_dcm/lumos_x_110/lumos_x_110_1.Dcm,1770,2598
/Users/Usuario/Code/master/tfm/res/dataset/lumos_x_001_280_dcm/lumos_x_110/lumos_x_110_2.Dcm,1892,2630
/Users/Usuario/Code/master/tfm/res/dataset/lumos_x_001_280_dcm/lumos_x_144/lumos_x_144_1.Dcm,1643,2606
/Users/Usuario/Code/master/tfm/res/dataset/lumos_x_001_280_dcm/lumos_x_144/lumos_x_144_2.Dcm,1517,3001
/Users/Usuario/Code/master/tfm/res/dataset/lumos_x_001_280_dcm/lumos_x_188/lumos_x_188_1.Dcm,1548,2998
/Users/Usuario/Code/master/tfm/res/dataset/lumos_x_001_280_dcm/lumos_x_188/lumos_x_188_2.Dcm,1681,2995
/Users/Usuario/Code/master/tfm/res/dataset/lumos_x_001_280_dcm/lumos_x_143/lumos_x_143_1.Dcm,1770,2977
/Users/Usuario/Code/master/tfm/res/dataset/lumos_x_001_280_dcm/lumos_x_143/lumos_x_143_2.Dcm,2134,3001
/Users/Usuario/Code/master/tfm/res/dataset/lumos_x_001_280_dcm/lumos_x_181/lumos_x_181_1.Dcm,1462,2872
/Users/Usuario/Code/master/tfm/res/dataset/lumos_x_001_280_dcm/lumos_x_181/lumos_x_181_2.Dcm,1620,3001
/Users/Usuario/Code/master/tfm/res/dataset/lumos_x_001_280_dcm/lumos_x_175/lumos_x_175_1.Dcm,1538,2995
/Users/Usuario/Code/master/tfm/res/dataset/lumos_x_001_280_dcm/lumos_x_175/lumos_x_175_2.Dcm,2409,2676
/Users/Usuario/Code/master/tfm/res/dataset/lumos_x_001_280_dcm/lumos_x_172/lumos_x_172_1.Dcm,1601,2999
/Users/Usuario/Code/master/tfm/res/dataset/lumos_x_001_280_dcm/lumos_x_172/lumos_x_172_2.Dcm,1831,3000
/Users/Usuario/Code/master/tfm/res/dataset/lumos_x_001_280_dcm/lumos_x_186/lumos_x_186_1.Dcm,1594,2979
/Users/Usuario/Code/master/tfm/res/dataset/lumos_x_001_280_dcm/lumos_x_186/lumos_x_186_2.Dcm,1825,2421
/Users/Usuario/Code/master/tfm/res/dataset/lumos_x_001_280_dcm/lumos_x_150/lumos_x_150_1.Dcm,1706,2997
/Users/Usuario/Code/master/tfm/res/dataset/lumos_x_001_280_dcm/lumos_x_150/lumos_x_150_2.Dcm,2168,2986
/Users/Usuario/Code/master/tfm/res/dataset/lumos_x_001_280_dcm/lumos_x_157/lumos_x_157_1.Dcm,1751,2668
/Users/Usuario/Code/master/tfm/res/dataset/lumos_x_001_280_dcm/lumos_x_157/lumos_x_157_2.Dcm,1784,2747
/Users/Usuario/Code/master/tfm/res/dataset/lumos_x_001_280_dcm/lumos_x_168/lumos_x_168_1.Dcm,1699,2800
/Users/Usuario/Code/master/tfm/res/dataset/lumos_x_001_280_dcm/lumos_x_168/lumos_x_168_2.Dcm,1709,2800
/Users/Usuario/Code/master/tfm/res/dataset/lumos_x_001_280_dcm/lumos_x_195/lumos_x_195_1.Dcm,1932,3320
/Users/Usuario/Code/master/tfm/res/dataset/lumos_x_001_280_dcm/lumos_x_195/lumos_x_195_2.Dcm,2162,3320
/Users/Usuario/Code/master/tfm/res/dataset/lumos_x_001_280_dcm/lumos_x_161/lumos_x_161_1.Dcm,1797,2619
/Users/Usuario/Code/master/tfm/res/dataset/lumos_x_001_280_dcm/lumos_x_161/lumos_x_161_2.Dcm,1981,2796
/Users/Usuario/Code/master/tfm/res/dataset/lumos_x_001_280_dcm/lumos_x_166/lumos_x_166_1.Dcm,1785,2977
/Users/Usuario/Code/master/tfm/res/dataset/lumos_x_001_280_dcm/lumos_x_166/lumos_x_166_2.Dcm,1583,2996
/Users/Usuario/Code/master/tfm/res/dataset/lumos_x_001_280_dcm/lumos_x_192/lumos_x_192_1.Dcm,2697,2950
/Users/Usuario/Code/master/tfm/res/dataset/lumos_x_001_280_dcm/lumos_x_192/lumos_x_192_2.Dcm,2684,2950
/Users/Usuario/Code/master/tfm/res/dataset/lumos_x_001_280_dcm/lumos_x_159/lumos_x_159_1.Dcm,1594,2942
/Users/Usuario/Code/master/tfm/res/dataset/lumos_x_001_280_dcm/lumos_x_159/lumos_x_159_2.Dcm,1579,2798
/Users/Usuario/Code/master/tfm/res/dataset/lumos_x_001_280_dcm/lumos_x_132/lumos_x_132_1.Dcm,1911,3320
/Users/Usuario/Code/master/tfm/res/dataset/lumos_x_001_280_dcm/lumos_x_132/lumos_x_132_2.Dcm,2624,3320
/Users/Usuario/Code/master/tfm/res/dataset/lumos_x_001_280_dcm/lumos_x_135/lumos_x_135_1.Dcm,1402,2611
/Users/Usuario/Code/master/tfm/res/dataset/lumos_x_001_280_dcm/lumos_x_135/lumos_x_135_2.Dcm,2112,2365
/Users/Usuario/Code/master/tfm/res/dataset/lumos_x_001_280_dcm/lumos_x_103/lumos_x_103_1.Dcm,1382,2454
/Users/Usuario/Code/master/tfm/res/dataset/lumos_x_001_280_dcm/lumos_x_103/lumos_x_103_2.Dcm,1609,2510
/Users/Usuario/Code/master/tfm/res/dataset/lumos_x_001_280_dcm/lumos_x_104/lumos_x_104_1.Dcm,1727,2890
/Users/Usuario/Code/master/tfm/res/dataset/lumos_x_001_280_dcm/lumos_x_104/lumos_x_104_2.Dcm,1878,2889
/Users/Usuario/Code/master/tfm/res/dataset/lumos_x_001_280_dcm/lumos_x_193/lumos_x_193_1.Dcm,1768,2980
/Users/Usuario/Code/master/tfm/res/dataset/lumos_x_001_280_dcm/lumos_x_193/lumos_x_193_2.Dcm,1469,3001
/Users/Usuario/Code/master/tfm/res/dataset/lumos_x_001_280_dcm/lumos_x_167/lumos_x_167_1.Dcm,1744,2990
/Users/Usuario/Code/master/tfm/res/dataset/lumos_x_001_280_dcm/lumos_x_167/lumos_x_167_2.Dcm,1870,3001
/Users/Usuario/Code/master/tfm/res/dataset/lumos_x_001_280_dcm/lumos_x_158/lumos_x_158_1.Dcm,1714,2997
/Users/Usuario/Code/master/tfm/res/dataset/lumos_x_001_280_dcm/lumos_x_158/lumos_x_158_2.Dcm,1725,2978
/Users/Usuario/Code/master/tfm/res/dataset/lumos_x_001_280_dcm/lumos_x_160/lumos_x_160_1.Dcm,1739,2609
/Users/Usuario/Code/master/tfm/res/dataset/lumos_x_001_280_dcm/lumos_x_160/lumos_x_160_2.Dcm,1597,2405
/Users/Usuario/Code/master/tfm/res/dataset/lumos_x_001_280_dcm/lumos_x_194/lumos_x_194_1.Dcm,2251,3320
/Users/Usuario/Code/master/tfm/res/dataset/lumos_x_001_280_dcm/lumos_x_194/lumos_x_194_2.Dcm,2190,3320
/Users/Usuario/Code/master/tfm/res/dataset/lumos_x_001_280_dcm/lumos_x_156/lumos_x_156_1.Dcm,1962,2998
/Users/Usuario/Code/master/tfm/res/dataset/lumos_x_001_280_dcm/lumos_x_156/lumos_x_156_2.Dcm,2769,3001
/Users/Usuario/Code/master/tfm/res/dataset/lumos_x_001_280_dcm/lumos_x_169/lumos_x_169_1.Dcm,1683,2763
/Users/Usuario/Code/master/tfm/res/dataset/lumos_x_001_280_dcm/lumos_x_169/lumos_x_169_2.Dcm,1930,2978
/Users/Usuario/Code/master/tfm/res/dataset/lumos_x_001_280_dcm/lumos_x_151/lumos_x_151_1.Dcm,1782,2974
/Users/Usuario/Code/master/tfm/res/dataset/lumos_x_001_280_dcm/lumos_x_151/lumos_x_151_2.Dcm,1862,2814
/Users/Usuario/Code/master/tfm/res/dataset/lumos_x_001_280_dcm/lumos_x_105/lumos_x_105_1.Dcm,1778,3001
/Users/Usuario/Code/master/tfm/res/dataset/lumos_x_001_280_dcm/lumos_x_105/lumos_x_105_2.Dcm,1973,3001
/Users/Usuario/Code/master/tfm/res/dataset/lumos_x_001_280_dcm/lumos_x_102/lumos_x_102_1.Dcm,1726,2547
/Users/Usuario/Code/master/tfm/res/dataset/lumos_x_001_280_dcm/lumos_x_102/lumos_x_102_2.Dcm,1938,2738
/Users/Usuario/Code/master/tfm/res/dataset/lumos_x_001_280_dcm/lumos_x_134/lumos_x_134_1.Dcm,1891,2861
/Users/Usuario/Code/master/tfm/res/dataset/lumos_x_001_280_dcm/lumos_x_134/lumos_x_134_2.Dcm,1901,3012
/Users/Usuario/Code/master/tfm/res/dataset/lumos_x_001_280_dcm/lumos_x_133/lumos_x_133_1.Dcm,2031,2958
/Users/Usuario/Code/master/tfm/res/dataset/lumos_x_001_280_dcm/lumos_x_133/lumos_x_133_2.Dcm,2295,2767
/Users/Usuario/Code/master/tfm/res/dataset/lumos_x_001_280_dcm/lumos_x_041/lumos_x_041_1.Dcm,1826,2601
/Users/Usuario/Code/master/tfm/res/dataset/lumos_x_001_280_dcm/lumos_x_041/lumos_x_041_2.Dcm,2043,2598
/Users/Usuario/Code/master/tfm/res/dataset/lumos_x_001_280_dcm/lumos_x_273/lumos_x_273_1.Dcm,1684,2996
/Users/Usuario/Code/master/tfm/res/dataset/lumos_x_001_280_dcm/lumos_x_273/lumos_x_273_2.Dcm,2256,2997
/Users/Usuario/Code/master/tfm/res/dataset/lumos_x_001_280_dcm/lumos_x_280/lumos_x_280_1.Dcm,1479,3001
/Users/Usuario/Code/master/tfm/res/dataset/lumos_x_001_280_dcm/lumos_x_280/lumos_x_280_2.Dcm,1553,3001
/Users/Usuario/Code/master/tfm/res/dataset/lumos_x_001_280_dcm/lumos_x_274/lumos_x_274_1.Dcm,1422,2200
/Users/Usuario/Code/master/tfm/res/dataset/lumos_x_001_280_dcm/lumos_x_274/lumos_x_274_2.Dcm,1898,2369
/Users/Usuario/Code/master/tfm/res/dataset/lumos_x_001_280_dcm/lumos_x_046/lumos_x_046_1.Dcm,1624,3001
/Users/Usuario/Code/master/tfm/res/dataset/lumos_x_001_280_dcm/lumos_x_046/lumos_x_046_2.Dcm,1588,2417
/Users/Usuario/Code/master/tfm/res/dataset/lumos_x_001_280_dcm/lumos_x_079/lumos_x_079_1.Dcm,1763,3001
/Users/Usuario/Code/master/tfm/res/dataset/lumos_x_001_280_dcm/lumos_x_079/lumos_x_079_2.Dcm,1588,3001
/Users/Usuario/Code/master/tfm/res/dataset/lumos_x_001_280_dcm/lumos_x_084/lumos_x_084_1.Dcm,2124,2592
/Users/Usuario/Code/master/tfm/res/dataset/lumos_x_001_280_dcm/lumos_x_084/lumos_x_084_2.Dcm,2198,2780
/Users/Usuario/Code/master/tfm/res/dataset/lumos_x_001_280_dcm/lumos_x_242/lumos_x_242_1.Dcm,2001,2799
/Users/Usuario/Code/master/tfm/res/dataset/lumos_x_001_280_dcm/lumos_x_242/lumos_x_242_2.Dcm,2004,2969
/Users/Usuario/Code/master/tfm/res/dataset/lumos_x_001_280_dcm/lumos_x_070/lumos_x_070_1.Dcm,1744,2988
/Users/Usuario/Code/master/tfm/res/dataset/lumos_x_001_280_dcm/lumos_x_070/lumos_x_070_2.Dcm,1935,3000
/Users/Usuario/Code/master/tfm/res/dataset/lumos_x_001_280_dcm/lumos_x_077/lumos_x_077_1.Dcm,1731,2895
/Users/Usuario/Code/master/tfm/res/dataset/lumos_x_001_280_dcm/lumos_x_077/lumos_x_077_2.Dcm,1766,2893
/Users/Usuario/Code/master/tfm/res/dataset/lumos_x_001_280_dcm/lumos_x_245/lumos_x_245_1.Dcm,1644,2597
/Users/Usuario/Code/master/tfm/res/dataset/lumos_x_001_280_dcm/lumos_x_245/lumos_x_245_2.Dcm,2095,2491
/Users/Usuario/Code/master/tfm/res/dataset/lumos_x_001_280_dcm/lumos_x_083/lumos_x_083_1.Dcm,1787,3001
/Users/Usuario/Code/master/tfm/res/dataset/lumos_x_001_280_dcm/lumos_x_083/lumos_x_083_2.Dcm,1921,3001
/Users/Usuario/Code/master/tfm/res/dataset/lumos_x_001_280_dcm/lumos_x_048/lumos_x_048_1.Dcm,1790,2643
/Users/Usuario/Code/master/tfm/res/dataset/lumos_x_001_280_dcm/lumos_x_048/lumos_x_048_2.Dcm,1789,3001
/Users/Usuario/Code/master/tfm/res/dataset/lumos_x_001_280_dcm/lumos_x_211/lumos_x_211_1.Dcm,1686,2479
/Users/Usuario/Code/master/tfm/res/dataset/lumos_x_001_280_dcm/lumos_x_211/lumos_x_211_2.Dcm,2282,2473
/Users/Usuario/Code/master/tfm/res/dataset/lumos_x_001_280_dcm/lumos_x_023/lumos_x_023_1.Dcm,1782,2976
/Users/Usuario/Code/master/tfm/res/dataset/lumos_x_001_280_dcm/lumos_x_023/lumos_x_023_2.Dcm,1797,3001
/Users/Usuario/Code/master/tfm/res/dataset/lumos_x_001_280_dcm/lumos_x_229/lumos_x_229_1.Dcm,1506,3001
/Users/Usuario/Code/master/tfm/res/dataset/lumos_x_001_280_dcm/lumos_x_229/lumos_x_229_2.Dcm,2330,2961
/Users/Usuario/Code/master/tfm/res/dataset/lumos_x_001_280_dcm/lumos_x_229/lumos_x_229_3.Dcm,1729,2963
/Users/Usuario/Code/master/tfm/res/dataset/lumos_x_001_280_dcm/lumos_x_229/lumos_x_229_4.Dcm,1634,2860
/Users/Usuario/Code/master/tfm/res/dataset/lumos_x_001_280_dcm/lumos_x_024/lumos_x_024_1.Dcm,2165,2977
/Users/Usuario/Code/master/tfm/res/dataset/lumos_x_001_280_dcm/lumos_x_024/lumos_x_024_2.Dcm,2152,2907
/Users/Usuario/Code/master/tfm/res/dataset/lumos_x_001_280_dcm/lumos_x_216/lumos_x_216_1.Dcm,1690,2971
/Users/Usuario/Code/master/tfm/res/dataset/lumos_x_001_280_dcm/lumos_x_216/lumos_x_216_2.Dcm,1706,2971
/Users/Usuario/Code/master/tfm/res/dataset/lumos_x_001_280_dcm/lumos_x_012/lumos_x_012_1.Dcm,1770,2977
/Users/Usuario/Code/master/tfm/res/dataset/lumos_x_001_280_dcm/lumos_x_012/lumos_x_012_2.Dcm,2013,3001
/Users/Usuario/Code/master/tfm/res/dataset/lumos_x_001_280_dcm/lumos_x_220/lumos_x_220_1.Dcm,1637,2616
/Users/Usuario/Code/master/tfm/res/dataset/lumos_x_001_280_dcm/lumos_x_220/lumos_x_220_2.Dcm,1791,2959
/Users/Usuario/Code/master/tfm/res/dataset/lumos_x_001_280_dcm/lumos_x_218/lumos_x_218_1.Dcm,1751,2986
/Users/Usuario/Code/master/tfm/res/dataset/lumos_x_001_280_dcm/lumos_x_218/lumos_x_218_2.Dcm,2087,3001
/Users/Usuario/Code/master/tfm/res/dataset/lumos_x_001_280_dcm/lumos_x_227/lumos_x_227_1.Dcm,1788,3001
/Users/Usuario/Code/master/tfm/res/dataset/lumos_x_001_280_dcm/lumos_x_227/lumos_x_227_2.Dcm,1817,3001
/Users/Usuario/Code/master/tfm/res/dataset/lumos_x_001_280_dcm/lumos_x_015/lumos_x_015_1.Dcm,1878,2930
/Users/Usuario/Code/master/tfm/res/dataset/lumos_x_001_280_dcm/lumos_x_015/lumos_x_015_2.Dcm,1892,2587
/Users/Usuario/Code/master/tfm/res/dataset/lumos_x_001_280_dcm/lumos_x_082/lumos_x_082_1.Dcm,1998,3001
/Users/Usuario/Code/master/tfm/res/dataset/lumos_x_001_280_dcm/lumos_x_082/lumos_x_082_2.Dcm,1688,3001
/Users/Usuario/Code/master/tfm/res/dataset/lumos_x_001_280_dcm/lumos_x_082/lumos_x_082_3.Dcm,2086,3001
/Users/Usuario/Code/master/tfm/res/dataset/lumos_x_001_280_dcm/lumos_x_082/lumos_x_082_4.Dcm,1995,3001
/Users/Usuario/Code/master/tfm/res/dataset/lumos_x_001_280_dcm/lumos_x_244/lumos_x_244_1.Dcm,1254,2383
/Users/Usuario/Code/master/tfm/res/dataset/lumos_x_001_280_dcm/lumos_x_244/lumos_x_244_2.Dcm,2536,2988
/Users/Usuario/Code/master/tfm/res/dataset/lumos_x_001_280_dcm/lumos_x_076/lumos_x_076_1.Dcm,1496,2679
/Users/Usuario/Code/master/tfm/res/dataset/lumos_x_001_280_dcm/lumos_x_076/lumos_x_076_2.Dcm,1840,2496
/Users/Usuario/Code/master/tfm/res/dataset/lumos_x_001_280_dcm/lumos_x_049/lumos_x_049_1.Dcm,2057,2998
/Users/Usuario/Code/master/tfm/res/dataset/lumos_x_001_280_dcm/lumos_x_049/lumos_x_049_2.Dcm,1984,2986
/Users/Usuario/Code/master/tfm/res/dataset/lumos_x_001_280_dcm/lumos_x_071/lumos_x_071_1.Dcm,1863,2922
/Users/Usuario/Code/master/tfm/res/dataset/lumos_x_001_280_dcm/lumos_x_071/lumos_x_071_2.Dcm,2993,2927
/Users/Usuario/Code/master/tfm/res/dataset/lumos_x_001_280_dcm/lumos_x_243/lumos_x_243_1.Dcm,1465,2596
/Users/Usuario/Code/master/tfm/res/dataset/lumos_x_001_280_dcm/lumos_x_243/lumos_x_243_2.Dcm,1602,2692
/Users/Usuario/Code/master/tfm/res/dataset/lumos_x_001_280_dcm/lumos_x_085/lumos_x_085_1.Dcm,1740,2724
/Users/Usuario/Code/master/tfm/res/dataset/lumos_x_001_280_dcm/lumos_x_085/lumos_x_085_2.Dcm,2051,2658
/Users/Usuario/Code/master/tfm/res/dataset/lumos_x_001_280_dcm/lumos_x_047/lumos_x_047_1.Dcm,1969,2773
/Users/Usuario/Code/master/tfm/res/dataset/lumos_x_001_280_dcm/lumos_x_047/lumos_x_047_2.Dcm,1957,3153
/Users/Usuario/Code/master/tfm/res/dataset/lumos_x_001_280_dcm/lumos_x_275/lumos_x_275_1.Dcm,1774,3001
/Users/Usuario/Code/master/tfm/res/dataset/lumos_x_001_280_dcm/lumos_x_275/lumos_x_275_2.Dcm,2118,3001
/Users/Usuario/Code/master/tfm/res/dataset/lumos_x_001_280_dcm/lumos_x_078/lumos_x_078_1.Dcm,1932,3320
/Users/Usuario/Code/master/tfm/res/dataset/lumos_x_001_280_dcm/lumos_x_078/lumos_x_078_2.Dcm,1922,3320
/Users/Usuario/Code/master/tfm/res/dataset/lumos_x_001_280_dcm/lumos_x_272/lumos_x_272_1.Dcm,1601,2993
/Users/Usuario/Code/master/tfm/res/dataset/lumos_x_001_280_dcm/lumos_x_272/lumos_x_272_2.Dcm,1820,2656
/Users/Usuario/Code/master/tfm/res/dataset/lumos_x_001_280_dcm/lumos_x_040/lumos_x_040_1.Dcm,2525,3001
/Users/Usuario/Code/master/tfm/res/dataset/lumos_x_001_280_dcm/lumos_x_040/lumos_x_040_2.Dcm,1929,2978
/Users/Usuario/Code/master/tfm/res/dataset/lumos_x_001_280_dcm/lumos_x_219/lumos_x_219_1.Dcm,1809,2884
/Users/Usuario/Code/master/tfm/res/dataset/lumos_x_001_280_dcm/lumos_x_219/lumos_x_219_2.Dcm,1697,2308
/Users/Usuario/Code/master/tfm/res/dataset/lumos_x_001_280_dcm/lumos_x_014/lumos_x_014_1.Dcm,1874,2944
/Users/Usuario/Code/master/tfm/res/dataset/lumos_x_001_280_dcm/lumos_x_014/lumos_x_014_2.Dcm,1855,2675
/Users/Usuario/Code/master/tfm/res/dataset/lumos_x_001_280_dcm/lumos_x_226/lumos_x_226_1.Dcm,1692,2989
/Users/Usuario/Code/master/tfm/res/dataset/lumos_x_001_280_dcm/lumos_x_226/lumos_x_226_2.Dcm,1691,2977
/Users/Usuario/Code/master/tfm/res/dataset/lumos_x_001_280_dcm/lumos_x_221/lumos_x_221_1.Dcm,2120,2995
/Users/Usuario/Code/master/tfm/res/dataset/lumos_x_001_280_dcm/lumos_x_221/lumos_x_221_2.Dcm,1900,2556
/Users/Usuario/Code/master/tfm/res/dataset/lumos_x_001_280_dcm/lumos_x_013/lumos_x_013_1.Dcm,3006,5596
/Users/Usuario/Code/master/tfm/res/dataset/lumos_x_001_280_dcm/lumos_x_013/lumos_x_013_2.Dcm,3008,5594
/Users/Usuario/Code/master/tfm/res/dataset/lumos_x_001_280_dcm/lumos_x_228/lumos_x_228_1.Dcm,1746,2996
/Users/Usuario/Code/master/tfm/res/dataset/lumos_x_001_280_dcm/lumos_x_228/lumos_x_228_2.Dcm,1752,3001
/Users/Usuario/Code/master/tfm/res/dataset/lumos_x_001_280_dcm/lumos_x_217/lumos_x_217_1.Dcm,1691,2985
/Users/Usuario/Code/master/tfm/res/dataset/lumos_x_001_280_dcm/lumos_x_217/lumos_x_217_2.Dcm,2155,2994
/Users/Usuario/Code/master/tfm/res/dataset/lumos_x_001_280_dcm/lumos_x_025/lumos_x_025_1.Dcm,1787,2978
/Users/Usuario/Code/master/tfm/res/dataset/lumos_x_001_280_dcm/lumos_x_025/lumos_x_025_2.Dcm,1772,2976
/Users/Usuario/Code/master/tfm/res/dataset/lumos_x_001_280_dcm/lumos_x_022/lumos_x_022_1.Dcm,1429,2695
/Users/Usuario/Code/master/tfm/res/dataset/lumos_x_001_280_dcm/lumos_x_022/lumos_x_022_2.Dcm,1401,2344
/Users/Usuario/Code/master/tfm/res/dataset/lumos_x_001_280_dcm/lumos_x_210/lumos_x_210_1.Dcm,1750,2929
/Users/Usuario/Code/master/tfm/res/dataset/lumos_x_001_280_dcm/lumos_x_210/lumos_x_210_2.Dcm,1748,2934
/Users/Usuario/Code/master/tfm/res/dataset/lumos_x_001_280_dcm/lumos_x_059/lumos_x_059_1.Dcm,1776,3001
/Users/Usuario/Code/master/tfm/res/dataset/lumos_x_001_280_dcm/lumos_x_059/lumos_x_059_2.Dcm,1985,3001
/Users/Usuario/Code/master/tfm/res/dataset/lumos_x_001_280_dcm/lumos_x_066/lumos_x_066_1.Dcm,1792,2990
/Users/Usuario/Code/master/tfm/res/dataset/lumos_x_001_280_dcm/lumos_x_066/lumos_x_066_2.Dcm,1867,2988
/Users/Usuario/Code/master/tfm/res/dataset/lumos_x_001_280_dcm/lumos_x_254/lumos_x_254_1.Dcm,1725,3000
/Users/Usuario/Code/master/tfm/res/dataset/lumos_x_001_280_dcm/lumos_x_254/lumos_x_254_2.Dcm,1731,2990
/Users/Usuario/Code/master/tfm/res/dataset/lumos_x_001_280_dcm/lumos_x_092/lumos_x_092_1.Dcm,1721,2997
/Users/Usuario/Code/master/tfm/res/dataset/lumos_x_001_280_dcm/lumos_x_092/lumos_x_092_2.Dcm,1733,2980
/Users/Usuario/Code/master/tfm/res/dataset/lumos_x_001_280_dcm/lumos_x_095/lumos_x_095_1.Dcm,1679,2970
/Users/Usuario/Code/master/tfm/res/dataset/lumos_x_001_280_dcm/lumos_x_095/lumos_x_095_2.Dcm,2176,2985
/Users/Usuario/Code/master/tfm/res/dataset/lumos_x_001_280_dcm/lumos_x_253/lumos_x_253_1.Dcm,1595,2989
/Users/Usuario/Code/master/tfm/res/dataset/lumos_x_001_280_dcm/lumos_x_253/lumos_x_253_2.Dcm,1728,2979
/Users/Usuario/Code/master/tfm/res/dataset/lumos_x_001_280_dcm/lumos_x_061/lumos_x_061_1.Dcm,1715,2851
/Users/Usuario/Code/master/tfm/res/dataset/lumos_x_001_280_dcm/lumos_x_061/lumos_x_061_2.Dcm,1727,2850
/Users/Usuario/Code/master/tfm/res/dataset/lumos_x_001_280_dcm/lumos_x_068/lumos_x_068_1.Dcm,1518,2562
/Users/Usuario/Code/master/tfm/res/dataset/lumos_x_001_280_dcm/lumos_x_068/lumos_x_068_2.Dcm,1712,2345
/Users/Usuario/Code/master/tfm/res/dataset/lumos_x_001_280_dcm/lumos_x_265/lumos_x_265_1.Dcm,1436,2989
/Users/Usuario/Code/master/tfm/res/dataset/lumos_x_001_280_dcm/lumos_x_265/lumos_x_265_2.Dcm,1908,2996
/Users/Usuario/Code/master/tfm/res/dataset/lumos_x_001_280_dcm/lumos_x_057/lumos_x_057_1.Dcm,1349,2856
/Users/Usuario/Code/master/tfm/res/dataset/lumos_x_001_280_dcm/lumos_x_057/lumos_x_057_2.Dcm,1989,2876
/Users/Usuario/Code/master/tfm/res/dataset/lumos_x_001_280_dcm/lumos_x_050/lumos_x_050_1.Dcm,1396,2256
/Users/Usuario/Code/master/tfm/res/dataset/lumos_x_001_280_dcm/lumos_x_050/lumos_x_050_2.Dcm,1687,2212
/Users/Usuario/Code/master/tfm/res/dataset/lumos_x_001_280_dcm/lumos_x_262/lumos_x_262_1.Dcm,1730,3320
/Users/Usuario/Code/master/tfm/res/dataset/lumos_x_001_280_dcm/lumos_x_262/lumos_x_262_2.Dcm,2031,3320
/Users/Usuario/Code/master/tfm/res/dataset/lumos_x_001_280_dcm/lumos_x_236/lumos_x_236_1.Dcm,1419,2972
/Users/Usuario/Code/master/tfm/res/dataset/lumos_x_001_280_dcm/lumos_x_236/lumos_x_236_2.Dcm,1856,2962
/Users/Usuario/Code/master/tfm/res/dataset/lumos_x_001_280_dcm/lumos_x_004/lumos_x_004_1.Dcm,1708,2931
/Users/Usuario/Code/master/tfm/res/dataset/lumos_x_001_280_dcm/lumos_x_004/lumos_x_004_2.Dcm,1733,3001
/Users/Usuario/Code/master/tfm/res/dataset/lumos_x_001_280_dcm/lumos_x_209/lumos_x_209_1.Dcm,1608,2626
/Users/Usuario/Code/master/tfm/res/dataset/lumos_x_001_280_dcm/lumos_x_209/lumos_x_209_2.Dcm,1667,2848
/Users/Usuario/Code/master/tfm/res/dataset/lumos_x_001_280_dcm/lumos_x_003/lumos_x_003_1.Dcm,1751,2461
/Users/Usuario/Code/master/tfm/res/dataset/lumos_x_001_280_dcm/lumos_x_003/lumos_x_003_2.Dcm,1876,2467
/Users/Usuario/Code/master/tfm/res/dataset/lumos_x_001_280_dcm/lumos_x_231/lumos_x_231_1.Dcm,1806,3001
/Users/Usuario/Code/master/tfm/res/dataset/lumos_x_001_280_dcm/lumos_x_231/lumos_x_231_2.Dcm,1936,3001
/Users/Usuario/Code/master/tfm/res/dataset/lumos_x_001_280_dcm/lumos_x_035/lumos_x_035_1.Dcm,1700,2974
/Users/Usuario/Code/master/tfm/res/dataset/lumos_x_001_280_dcm/lumos_x_035/lumos_x_035_2.Dcm,1891,2951
/Users/Usuario/Code/master/tfm/res/dataset/lumos_x_001_280_dcm/lumos_x_207/lumos_x_207_1.Dcm,1702,2852
/Users/Usuario/Code/master/tfm/res/dataset/lumos_x_001_280_dcm/lumos_x_207/lumos_x_207_2.Dcm,1718,2868
/Users/Usuario/Code/master/tfm/res/dataset/lumos_x_001_280_dcm/lumos_x_238/lumos_x_238_1.Dcm,1613,2995
/Users/Usuario/Code/master/tfm/res/dataset/lumos_x_001_280_dcm/lumos_x_238/lumos_x_238_2.Dcm,2144,3001
/Users/Usuario/Code/master/tfm/res/dataset/lumos_x_001_280_dcm/lumos_x_200/lumos_x_200_1.Dcm,2032,2995
/Users/Usuario/Code/master/tfm/res/dataset/lumos_x_001_280_dcm/lumos_x_200/lumos_x_200_2.Dcm,2357,2991
/Users/Usuario/Code/master/tfm/res/dataset/lumos_x_001_280_dcm/lumos_x_032/lumos_x_032_1.Dcm,1717,2939
/Users/Usuario/Code/master/tfm/res/dataset/lumos_x_001_280_dcm/lumos_x_032/lumos_x_032_2.Dcm,2991,2951
/Users/Usuario/Code/master/tfm/res/dataset/lumos_x_001_280_dcm/lumos_x_263/lumos_x_263_1.Dcm,1921,3320
/Users/Usuario/Code/master/tfm/res/dataset/lumos_x_001_280_dcm/lumos_x_263/lumos_x_263_2.Dcm,1901,3320
/Users/Usuario/Code/master/tfm/res/dataset/lumos_x_001_280_dcm/lumos_x_051/lumos_x_051_1.Dcm,1701,2975
/Users/Usuario/Code/master/tfm/res/dataset/lumos_x_001_280_dcm/lumos_x_051/lumos_x_051_2.Dcm,1715,2974
/Users/Usuario/Code/master/tfm/res/dataset/lumos_x_001_280_dcm/lumos_x_069/lumos_x_069_1.Dcm,1777,3001
/Users/Usuario/Code/master/tfm/res/dataset/lumos_x_001_280_dcm/lumos_x_069/lumos_x_069_2.Dcm,1799,3001
/Users/Usuario/Code/master/tfm/res/dataset/lumos_x_001_280_dcm/lumos_x_056/lumos_x_056_1.Dcm,1496,2852
/Users/Usuario/Code/master/tfm/res/dataset/lumos_x_001_280_dcm/lumos_x_056/lumos_x_056_2.Dcm,1696,2852
/Users/Usuario/Code/master/tfm/res/dataset/lumos_x_001_280_dcm/lumos_x_264/lumos_x_264_1.Dcm,1372,2589
/Users/Usuario/Code/master/tfm/res/dataset/lumos_x_001_280_dcm/lumos_x_264/lumos_x_264_2.Dcm,1571,2711
/Users/Usuario/Code/master/tfm/res/dataset/lumos_x_001_280_dcm/lumos_x_060/lumos_x_060_1.Dcm,1757,2578
/Users/Usuario/Code/master/tfm/res/dataset/lumos_x_001_280_dcm/lumos_x_060/lumos_x_060_2.Dcm,1998,2561
/Users/Usuario/Code/master/tfm/res/dataset/lumos_x_001_280_dcm/lumos_x_252/lumos_x_252_1.Dcm,1740,2989
/Users/Usuario/Code/master/tfm/res/dataset/lumos_x_001_280_dcm/lumos_x_252/lumos_x_252_2.Dcm,1747,2990
/Users/Usuario/Code/master/tfm/res/dataset/lumos_x_001_280_dcm/lumos_x_094/lumos_x_094_1.Dcm,1788,3001
/Users/Usuario/Code/master/tfm/res/dataset/lumos_x_001_280_dcm/lumos_x_094/lumos_x_094_2.Dcm,1734,3001
/Users/Usuario/Code/master/tfm/res/dataset/lumos_x_001_280_dcm/lumos_x_058/lumos_x_058_1.Dcm,1710,2908
/Users/Usuario/Code/master/tfm/res/dataset/lumos_x_001_280_dcm/lumos_x_058/lumos_x_058_2.Dcm,1942,2923
/Users/Usuario/Code/master/tfm/res/dataset/lumos_x_001_280_dcm/lumos_x_093/lumos_x_093_1.Dcm,1721,2977
/Users/Usuario/Code/master/tfm/res/dataset/lumos_x_001_280_dcm/lumos_x_093/lumos_x_093_2.Dcm,1981,3001
/Users/Usuario/Code/master/tfm/res/dataset/lumos_x_001_280_dcm/lumos_x_255/lumos_x_255_1.Dcm,2197,3001
/Users/Usuario/Code/master/tfm/res/dataset/lumos_x_001_280_dcm/lumos_x_255/lumos_x_255_2.Dcm,1771,3001
/Users/Usuario/Code/master/tfm/res/dataset/lumos_x_001_280_dcm/lumos_x_067/lumos_x_067_1.Dcm,1827,2777
/Users/Usuario/Code/master/tfm/res/dataset/lumos_x_001_280_dcm/lumos_x_067/lumos_x_067_2.Dcm,1966,2962
/Users/Usuario/Code/master/tfm/res/dataset/lumos_x_001_280_dcm/lumos_x_033/lumos_x_033_1.Dcm,1983,2983
/Users/Usuario/Code/master/tfm/res/dataset/lumos_x_001_280_dcm/lumos_x_033/lumos_x_033_2.Dcm,2113,3320
/Users/Usuario/Code/master/tfm/res/dataset/lumos_x_001_280_dcm/lumos_x_201/lumos_x_201_1.Dcm,1366,2699
/Users/Usuario/Code/master/tfm/res/dataset/lumos_x_001_280_dcm/lumos_x_201/lumos_x_201_2.Dcm,1608,2643
/Users/Usuario/Code/master/tfm/res/dataset/lumos_x_001_280_dcm/lumos_x_206/lumos_x_206_1.Dcm,1723,2991
/Users/Usuario/Code/master/tfm/res/dataset/lumos_x_001_280_dcm/lumos_x_206/lumos_x_206_2.Dcm,1853,2576
/Users/Usuario/Code/master/tfm/res/dataset/lumos_x_001_280_dcm/lumos_x_034/lumos_x_034_1.Dcm,1794,2833
/Users/Usuario/Code/master/tfm/res/dataset/lumos_x_001_280_dcm/lumos_x_034/lumos_x_034_2.Dcm,1402,2717
/Users/Usuario/Code/master/tfm/res/dataset/lumos_x_001_280_dcm/lumos_x_239/lumos_x_239_1.Dcm,1535,2534
/Users/Usuario/Code/master/tfm/res/dataset/lumos_x_001_280_dcm/lumos_x_239/lumos_x_239_2.Dcm,1906,2542
/Users/Usuario/Code/master/tfm/res/dataset/lumos_x_001_280_dcm/lumos_x_230/lumos_x_230_1.Dcm,1952,3320
/Users/Usuario/Code/master/tfm/res/dataset/lumos_x_001_280_dcm/lumos_x_230/lumos_x_230_2.Dcm,2071,3170
/Users/Usuario/Code/master/tfm/res/dataset/lumos_x_001_280_dcm/lumos_x_002/lumos_x_002_1.Dcm,1890,2996
/Users/Usuario/Code/master/tfm/res/dataset/lumos_x_001_280_dcm/lumos_x_002/lumos_x_002_2.Dcm,2394,3000
/Users/Usuario/Code/master/tfm/res/dataset/lumos_x_001_280_dcm/lumos_x_005/lumos_x_005_1.Dcm,1804,3001
/Users/Usuario/Code/master/tfm/res/dataset/lumos_x_001_280_dcm/lumos_x_005/lumos_x_005_2.Dcm,1855,3001
/Users/Usuario/Code/master/tfm/res/dataset/lumos_x_001_280_dcm/lumos_x_237/lumos_x_237_1.Dcm,1786,2659
/Users/Usuario/Code/master/tfm/res/dataset/lumos_x_001_280_dcm/lumos_x_237/lumos_x_237_2.Dcm,1621,3001
/Users/Usuario/Code/master/tfm/res/dataset/lumos_x_001_280_dcm/lumos_x_208/lumos_x_208_1.Dcm,1712,2977
/Users/Usuario/Code/master/tfm/res/dataset/lumos_x_001_280_dcm/lumos_x_208/lumos_x_208_2.Dcm,1609,2970
/Users/Usuario/Code/master/tfm/res/dataset/lumos_x_001_280_dcm/lumos_x_148/lumos_x_148_1.Dcm,1944,2973
/Users/Usuario/Code/master/tfm/res/dataset/lumos_x_001_280_dcm/lumos_x_148/lumos_x_148_2.Dcm,1729,2663
/Users/Usuario/Code/master/tfm/res/dataset/lumos_x_001_280_dcm/lumos_x_177/lumos_x_177_1.Dcm,1714,2991
/Users/Usuario/Code/master/tfm/res/dataset/lumos_x_001_280_dcm/lumos_x_177/lumos_x_177_2.Dcm,2012,2991
/Users/Usuario/Code/master/tfm/res/dataset/lumos_x_001_280_dcm/lumos_x_183/lumos_x_183_1.Dcm,1731,2982
/Users/Usuario/Code/master/tfm/res/dataset/lumos_x_001_280_dcm/lumos_x_183/lumos_x_183_2.Dcm,1608,2508
/Users/Usuario/Code/master/tfm/res/dataset/lumos_x_001_280_dcm/lumos_x_184/lumos_x_184_1.Dcm,1831,2977
/Users/Usuario/Code/master/tfm/res/dataset/lumos_x_001_280_dcm/lumos_x_184/lumos_x_184_2.Dcm,2384,2985
/Users/Usuario/Code/master/tfm/res/dataset/lumos_x_001_280_dcm/lumos_x_170/lumos_x_170_1.Dcm,1784,3001
/Users/Usuario/Code/master/tfm/res/dataset/lumos_x_001_280_dcm/lumos_x_170/lumos_x_170_2.Dcm,1804,3001
/Users/Usuario/Code/master/tfm/res/dataset/lumos_x_001_280_dcm/lumos_x_179/lumos_x_179_1.Dcm,1795,3001
/Users/Usuario/Code/master/tfm/res/dataset/lumos_x_001_280_dcm/lumos_x_179/lumos_x_179_2.Dcm,1943,2626
/Users/Usuario/Code/master/tfm/res/dataset/lumos_x_001_280_dcm/lumos_x_146/lumos_x_146_1.Dcm,1661,3000
/Users/Usuario/Code/master/tfm/res/dataset/lumos_x_001_280_dcm/lumos_x_146/lumos_x_146_2.Dcm,1452,3000
/Users/Usuario/Code/master/tfm/res/dataset/lumos_x_001_280_dcm/lumos_x_141/lumos_x_141_1.Dcm,1536,3320
/Users/Usuario/Code/master/tfm/res/dataset/lumos_x_001_280_dcm/lumos_x_141/lumos_x_141_2.Dcm,2152,3320
/Users/Usuario/Code/master/tfm/res/dataset/lumos_x_001_280_dcm/lumos_x_115/lumos_x_115_1.Dcm,1495,2382
/Users/Usuario/Code/master/tfm/res/dataset/lumos_x_001_280_dcm/lumos_x_115/lumos_x_115_2.Dcm,1732,2348
/Users/Usuario/Code/master/tfm/res/dataset/lumos_x_001_280_dcm/lumos_x_112/lumos_x_112_1.Dcm,1723,2992
/Users/Usuario/Code/master/tfm/res/dataset/lumos_x_001_280_dcm/lumos_x_112/lumos_x_112_2.Dcm,1722,2996
/Users/Usuario/Code/master/tfm/res/dataset/lumos_x_001_280_dcm/lumos_x_124/lumos_x_124_1.Dcm,1581,2840
/Users/Usuario/Code/master/tfm/res/dataset/lumos_x_001_280_dcm/lumos_x_124/lumos_x_124_2.Dcm,1686,2994
/Users/Usuario/Code/master/tfm/res/dataset/lumos_x_001_280_dcm/lumos_x_123/lumos_x_123_1.Dcm,1616,3001
/Users/Usuario/Code/master/tfm/res/dataset/lumos_x_001_280_dcm/lumos_x_123/lumos_x_123_2.Dcm,1930,2896
/Users/Usuario/Code/master/tfm/res/dataset/lumos_x_001_280_dcm/lumos_x_140/lumos_x_140_1.Dcm,1467,2360
/Users/Usuario/Code/master/tfm/res/dataset/lumos_x_001_280_dcm/lumos_x_140/lumos_x_140_2.Dcm,1505,2443
/Users/Usuario/Code/master/tfm/res/dataset/lumos_x_001_280_dcm/lumos_x_178/lumos_x_178_1.Dcm,1465,2578
/Users/Usuario/Code/master/tfm/res/dataset/lumos_x_001_280_dcm/lumos_x_178/lumos_x_178_2.Dcm,1618,2425
/Users/Usuario/Code/master/tfm/res/dataset/lumos_x_001_280_dcm/lumos_x_147/lumos_x_147_1.Dcm,1716,2990
/Users/Usuario/Code/master/tfm/res/dataset/lumos_x_001_280_dcm/lumos_x_147/lumos_x_147_2.Dcm,1718,2979
/Users/Usuario/Code/master/tfm/res/dataset/lumos_x_001_280_dcm/lumos_x_171/lumos_x_171_1.Dcm,1569,2646
/Users/Usuario/Code/master/tfm/res/dataset/lumos_x_001_280_dcm/lumos_x_171/lumos_x_171_2.Dcm,1617,2840
/Users/Usuario/Code/master/tfm/res/dataset/lumos_x_001_280_dcm/lumos_x_185/lumos_x_185_1.Dcm,1717,2851
/Users/Usuario/Code/master/tfm/res/dataset/lumos_x_001_280_dcm/lumos_x_185/lumos_x_185_2.Dcm,2046,2875
/Users/Usuario/Code/master/tfm/res/dataset/lumos_x_001_280_dcm/lumos_x_149/lumos_x_149_1.Dcm,1726,2998
/Users/Usuario/Code/master/tfm/res/dataset/lumos_x_001_280_dcm/lumos_x_149/lumos_x_149_2.Dcm,1748,2977
/Users/Usuario/Code/master/tfm/res/dataset/lumos_x_001_280_dcm/lumos_x_182/lumos_x_182_1.Dcm,1778,3001
/Users/Usuario/Code/master/tfm/res/dataset/lumos_x_001_280_dcm/lumos_x_182/lumos_x_182_2.Dcm,1577,3001
/Users/Usuario/Code/master/tfm/res/dataset/lumos_x_001_280_dcm/lumos_x_176/lumos_x_176_1.Dcm,1706,2066
/Users/Usuario/Code/master/tfm/res/dataset/lumos_x_001_280_dcm/lumos_x_176/lumos_x_176_2.Dcm,1721,2896
/Users/Usuario/Code/master/tfm/res/dataset/lumos_x_001_280_dcm/lumos_x_122/lumos_x_122_1.Dcm,1677,2719
/Users/Usuario/Code/master/tfm/res/dataset/lumos_x_001_280_dcm/lumos_x_122/lumos_x_122_2.Dcm,1919,2720
/Users/Usuario/Code/master/tfm/res/dataset/lumos_x_001_280_dcm/lumos_x_125/lumos_x_125_1.Dcm,1781,3001
/Users/Usuario/Code/master/tfm/res/dataset/lumos_x_001_280_dcm/lumos_x_125/lumos_x_125_2.Dcm,2250,3001
/Users/Usuario/Code/master/tfm/res/dataset/lumos_x_001_280_dcm/lumos_x_113/lumos_x_113_1.Dcm,1788,3001
/Users/Usuario/Code/master/tfm/res/dataset/lumos_x_001_280_dcm/lumos_x_113/lumos_x_113_2.Dcm,1805,3001
/Users/Usuario/Code/master/tfm/res/dataset/lumos_x_001_280_dcm/lumos_x_114/lumos_x_114_1.Dcm,1787,3001
/Users/Usuario/Code/master/tfm/res/dataset/lumos_x_001_280_dcm/lumos_x_114/lumos_x_114_2.Dcm,1932,3001
/Users/Usuario/Code/master/tfm/res/dataset/lumos_x_001_280_dcm/lumos_x_109/lumos_x_109_1.Dcm,2169,2999
/Users/Usuario/Code/master/tfm/res/dataset/lumos_x_001_280_dcm/lumos_x_109/lumos_x_109_2.Dcm,2070,3001
/Users/Usuario/Code/master/tfm/res/dataset/lumos_x_001_280_dcm/lumos_x_136/lumos_x_136_1.Dcm,1710,2999
/Users/Usuario/Code/master/tfm/res/dataset/lumos_x_001_280_dcm/lumos_x_136/lumos_x_136_2.Dcm,2166,2977
/Users/Usuario/Code/master/tfm/res/dataset/lumos_x_001_280_dcm/lumos_x_131/lumos_x_131_1.Dcm,1751,2977
/Users/Usuario/Code/master/tfm/res/dataset/lumos_x_001_280_dcm/lumos_x_131/lumos_x_131_2.Dcm,1766,2973
/Users/Usuario/Code/master/tfm/res/dataset/lumos_x_001_280_dcm/lumos_x_131/lumos_x_131_3.Dcm,1751,2977
/Users/Usuario/Code/master/tfm/res/dataset/lumos_x_001_280_dcm/lumos_x_131/lumos_x_131_4.Dcm,1766,2973
/Users/Usuario/Code/master/tfm/res/dataset/lumos_x_001_280_dcm/lumos_x_138/lumos_x_138_1.Dcm,1786,3001
/Users/Usuario/Code/master/tfm/res/dataset/lumos_x_001_280_dcm/lumos_x_138/lumos_x_138_2.Dcm,1481,3001
/Users/Usuario/Code/master/tfm/res/dataset/lumos_x_001_280_dcm/lumos_x_107/lumos_x_107_1.Dcm,1691,2598
/Users/Usuario/Code/master/tfm/res/dataset/lumos_x_001_280_dcm/lumos_x_107/lumos_x_107_2.Dcm,1496,2660
/Users/Usuario/Code/master/tfm/res/dataset/lumos_x_001_280_dcm/lumos_x_100/lumos_x_100_1.Dcm,1782,3001
/Users/Usuario/Code/master/tfm/res/dataset/lumos_x_001_280_dcm/lumos_x_100/lumos_x_100_2.Dcm,1658,2976
/Users/Usuario/Code/master/tfm/res/dataset/lumos_x_001_280_dcm/lumos_x_154/lumos_x_154_1.Dcm,2170,2946
/Users/Usuario/Code/master/tfm/res/dataset/lumos_x_001_280_dcm/lumos_x_154/lumos_x_154_2.Dcm,2324,2949
/Users/Usuario/Code/master/tfm/res/dataset/lumos_x_001_280_dcm/lumos_x_153/lumos_x_153_1.Dcm,1546,2788
/Users/Usuario/Code/master/tfm/res/dataset/lumos_x_001_280_dcm/lumos_x_153/lumos_x_153_2.Dcm,2236,2979
/Users/Usuario/Code/master/tfm/res/dataset/lumos_x_001_280_dcm/lumos_x_198/lumos_x_198_1.Dcm,1638,2788
/Users/Usuario/Code/master/tfm/res/dataset/lumos_x_001_280_dcm/lumos_x_198/lumos_x_198_2.Dcm,1803,2707
/Users/Usuario/Code/master/tfm/res/dataset/lumos_x_001_280_dcm/lumos_x_165/lumos_x_165_1.Dcm,1921,2534
/Users/Usuario/Code/master/tfm/res/dataset/lumos_x_001_280_dcm/lumos_x_165/lumos_x_165_2.Dcm,1912,3150
/Users/Usuario/Code/master/tfm/res/dataset/lumos_x_001_280_dcm/lumos_x_191/lumos_x_191_1.Dcm,1528,2530
/Users/Usuario/Code/master/tfm/res/dataset/lumos_x_001_280_dcm/lumos_x_191/lumos_x_191_2.Dcm,1934,2560
/Users/Usuario/Code/master/tfm/res/dataset/lumos_x_001_280_dcm/lumos_x_196/lumos_x_196_1.Dcm,1716,2949
/Users/Usuario/Code/master/tfm/res/dataset/lumos_x_001_280_dcm/lumos_x_196/lumos_x_196_2.Dcm,1786,2966
/Users/Usuario/Code/master/tfm/res/dataset/lumos_x_001_280_dcm/lumos_x_162/lumos_x_162_1.Dcm,1713,2833
/Users/Usuario/Code/master/tfm/res/dataset/lumos_x_001_280_dcm/lumos_x_162/lumos_x_162_2.Dcm,1873,2566
/Users/Usuario/Code/master/tfm/res/dataset/lumos_x_001_280_dcm/lumos_x_101/lumos_x_101_1.Dcm,1794,2976
/Users/Usuario/Code/master/tfm/res/dataset/lumos_x_001_280_dcm/lumos_x_101/lumos_x_101_2.Dcm,1804,2812
/Users/Usuario/Code/master/tfm/res/dataset/lumos_x_001_280_dcm/lumos_x_139/lumos_x_139_1.Dcm,1691,2981
/Users/Usuario/Code/master/tfm/res/dataset/lumos_x_001_280_dcm/lumos_x_139/lumos_x_139_2.Dcm,1678,2978
/Users/Usuario/Code/master/tfm/res/dataset/lumos_x_001_280_dcm/lumos_x_106/lumos_x_106_1.Dcm,1939,3001
/Users/Usuario/Code/master/tfm/res/dataset/lumos_x_001_280_dcm/lumos_x_106/lumos_x_106_2.Dcm,2263,3001
/Users/Usuario/Code/master/tfm/res/dataset/lumos_x_001_280_dcm/lumos_x_130/lumos_x_130_1.Dcm,1905,2991
/Users/Usuario/Code/master/tfm/res/dataset/lumos_x_001_280_dcm/lumos_x_130/lumos_x_130_2.Dcm,2189,3001
/Users/Usuario/Code/master/tfm/res/dataset/lumos_x_001_280_dcm/lumos_x_108/lumos_x_108_1.Dcm,1818,2977
/Users/Usuario/Code/master/tfm/res/dataset/lumos_x_001_280_dcm/lumos_x_108/lumos_x_108_2.Dcm,1697,2977
/Users/Usuario/Code/master/tfm/res/dataset/lumos_x_001_280_dcm/lumos_x_137/lumos_x_137_1.Dcm,1982,3001
/Users/Usuario/Code/master/tfm/res/dataset/lumos_x_001_280_dcm/lumos_x_137/lumos_x_137_2.Dcm,2195,3001
/Users/Usuario/Code/master/tfm/res/dataset/lumos_x_001_280_dcm/lumos_x_163/lumos_x_163_1.Dcm,1759,2977
/Users/Usuario/Code/master/tfm/res/dataset/lumos_x_001_280_dcm/lumos_x_163/lumos_x_163_2.Dcm,1965,3001
/Users/Usuario/Code/master/tfm/res/dataset/lumos_x_001_280_dcm/lumos_x_197/lumos_x_197_1.Dcm,1745,2989
/Users/Usuario/Code/master/tfm/res/dataset/lumos_x_001_280_dcm/lumos_x_197/lumos_x_197_2.Dcm,1742,2990
/Users/Usuario/Code/master/tfm/res/dataset/lumos_x_001_280_dcm/lumos_x_190/lumos_x_190_1.Dcm,1491,2707
/Users/Usuario/Code/master/tfm/res/dataset/lumos_x_001_280_dcm/lumos_x_190/lumos_x_190_2.Dcm,1771,2972
/Users/Usuario/Code/master/tfm/res/dataset/lumos_x_001_280_dcm/lumos_x_164/lumos_x_164_1.Dcm,1557,2695
/Users/Usuario/Code/master/tfm/res/dataset/lumos_x_001_280_dcm/lumos_x_164/lumos_x_164_2.Dcm,1585,2410
/Users/Usuario/Code/master/tfm/res/dataset/lumos_x_001_280_dcm/lumos_x_152/lumos_x_152_1.Dcm,1710,2977
/Users/Usuario/Code/master/tfm/res/dataset/lumos_x_001_280_dcm/lumos_x_152/lumos_x_152_2.Dcm,1715,2977
/Users/Usuario/Code/master/tfm/res/dataset/lumos_x_001_280_dcm/lumos_x_199/lumos_x_199_1.Dcm,1729,2994
/Users/Usuario/Code/master/tfm/res/dataset/lumos_x_001_280_dcm/lumos_x_199/lumos_x_199_2.Dcm,1729,2978
/Users/Usuario/Code/master/tfm/res/dataset/lumos_x_001_280_dcm/lumos_x_155/lumos_x_155_1.Dcm,1719,3001
/Users/Usuario/Code/master/tfm/res/dataset/lumos_x_001_280_dcm/lumos_x_155/lumos_x_155_2.Dcm,1548,2586
/Users/Usuario/Code/master/tfm/res/dataset/lumos_x_001_280_dcm/lumos_x_018/lumos_x_018_1.Dcm,1750,2990
/Users/Usuario/Code/master/tfm/res/dataset/lumos_x_001_280_dcm/lumos_x_018/lumos_x_018_2.Dcm,1746,3001
/Users/Usuario/Code/master/tfm/res/dataset/lumos_x_001_280_dcm/lumos_x_215/lumos_x_215_1.Dcm,1747,3001
/Users/Usuario/Code/master/tfm/res/dataset/lumos_x_001_280_dcm/lumos_x_215/lumos_x_215_2.Dcm,1745,3001
/Users/Usuario/Code/master/tfm/res/dataset/lumos_x_001_280_dcm/lumos_x_027/lumos_x_027_1.Dcm,1268,2426
/Users/Usuario/Code/master/tfm/res/dataset/lumos_x_001_280_dcm/lumos_x_027/lumos_x_027_2.Dcm,1548,2967
/Users/Usuario/Code/master/tfm/res/dataset/lumos_x_001_280_dcm/lumos_x_020/lumos_x_020_1.Dcm,1718,2989
/Users/Usuario/Code/master/tfm/res/dataset/lumos_x_001_280_dcm/lumos_x_020/lumos_x_020_2.Dcm,1721,2992
/Users/Usuario/Code/master/tfm/res/dataset/lumos_x_001_280_dcm/lumos_x_212/lumos_x_212_1.Dcm,1782,2766
/Users/Usuario/Code/master/tfm/res/dataset/lumos_x_001_280_dcm/lumos_x_212/lumos_x_212_2.Dcm,1867,2777
/Users/Usuario/Code/master/tfm/res/dataset/lumos_x_001_280_dcm/lumos_x_029/lumos_x_029_1.Dcm,1780,2825
/Users/Usuario/Code/master/tfm/res/dataset/lumos_x_001_280_dcm/lumos_x_029/lumos_x_029_2.Dcm,2076,2833
/Users/Usuario/Code/master/tfm/res/dataset/lumos_x_001_280_dcm/lumos_x_016/lumos_x_016_1.Dcm,1789,2377
/Users/Usuario/Code/master/tfm/res/dataset/lumos_x_001_280_dcm/lumos_x_016/lumos_x_016_2.Dcm,1651,2381
/Users/Usuario/Code/master/tfm/res/dataset/lumos_x_001_280_dcm/lumos_x_224/lumos_x_224_1.Dcm,1732,2705
/Users/Usuario/Code/master/tfm/res/dataset/lumos_x_001_280_dcm/lumos_x_224/lumos_x_224_2.Dcm,2359,2988
/Users/Usuario/Code/master/tfm/res/dataset/lumos_x_001_280_dcm/lumos_x_223/lumos_x_223_1.Dcm,1772,3001
/Users/Usuario/Code/master/tfm/res/dataset/lumos_x_001_280_dcm/lumos_x_223/lumos_x_223_2.Dcm,1778,3001
/Users/Usuario/Code/master/tfm/res/dataset/lumos_x_001_280_dcm/lumos_x_011/lumos_x_011_1.Dcm,1762,3001
/Users/Usuario/Code/master/tfm/res/dataset/lumos_x_001_280_dcm/lumos_x_011/lumos_x_011_2.Dcm,1806,3001
/Users/Usuario/Code/master/tfm/res/dataset/lumos_x_001_280_dcm/lumos_x_045/lumos_x_045_1.Dcm,1452,2810
/Users/Usuario/Code/master/tfm/res/dataset/lumos_x_001_280_dcm/lumos_x_045/lumos_x_045_2.Dcm,1849,2844
/Users/Usuario/Code/master/tfm/res/dataset/lumos_x_001_280_dcm/lumos_x_277/lumos_x_277_1.Dcm,1307,2343
/Users/Usuario/Code/master/tfm/res/dataset/lumos_x_001_280_dcm/lumos_x_277/lumos_x_277_2.Dcm,1552,2671
/Users/Usuario/Code/master/tfm/res/dataset/lumos_x_001_280_dcm/lumos_x_248/lumos_x_248_1.Dcm,1785,2979
/Users/Usuario/Code/master/tfm/res/dataset/lumos_x_001_280_dcm/lumos_x_248/lumos_x_248_2.Dcm,2325,2755
/Users/Usuario/Code/master/tfm/res/dataset/lumos_x_001_280_dcm/lumos_x_270/lumos_x_270_1.Dcm,1696,2711
/Users/Usuario/Code/master/tfm/res/dataset/lumos_x_001_280_dcm/lumos_x_270/lumos_x_270_2.Dcm,1688,2582
/Users/Usuario/Code/master/tfm/res/dataset/lumos_x_001_280_dcm/lumos_x_042/lumos_x_042_1.Dcm,1702,2999
/Users/Usuario/Code/master/tfm/res/dataset/lumos_x_001_280_dcm/lumos_x_042/lumos_x_042_2.Dcm,1728,2999
/Users/Usuario/Code/master/tfm/res/dataset/lumos_x_001_280_dcm/lumos_x_089/lumos_x_089_1.Dcm,1768,2981
/Users/Usuario/Code/master/tfm/res/dataset/lumos_x_001_280_dcm/lumos_x_089/lumos_x_089_2.Dcm,1952,3001
/Users/Usuario/Code/master/tfm/res/dataset/lumos_x_001_280_dcm/lumos_x_246/lumos_x_246_1.Dcm,1790,3001
/Users/Usuario/Code/master/tfm/res/dataset/lumos_x_001_280_dcm/lumos_x_246/lumos_x_246_2.Dcm,1813,3001
/Users/Usuario/Code/master/tfm/res/dataset/lumos_x_001_280_dcm/lumos_x_074/lumos_x_074_1.Dcm,1762,2998
/Users/Usuario/Code/master/tfm/res/dataset/lumos_x_001_280_dcm/lumos_x_074/lumos_x_074_2.Dcm,1772,2866
/Users/Usuario/Code/master/tfm/res/dataset/lumos_x_001_280_dcm/lumos_x_080/lumos_x_080_1.Dcm,1478,2353
/Users/Usuario/Code/master/tfm/res/dataset/lumos_x_001_280_dcm/lumos_x_080/lumos_x_080_2.Dcm,1983,2598
/Users/Usuario/Code/master/tfm/res/dataset/lumos_x_001_280_dcm/lumos_x_279/lumos_x_279_1.Dcm,1322,2554
/Users/Usuario/Code/master/tfm/res/dataset/lumos_x_001_280_dcm/lumos_x_279/lumos_x_279_2.Dcm,1550,2162
/Users/Usuario/Code/master/tfm/res/dataset/lumos_x_001_280_dcm/lumos_x_087/lumos_x_087_1.Dcm,1688,2867
/Users/Usuario/Code/master/tfm/res/dataset/lumos_x_001_280_dcm/lumos_x_087/lumos_x_087_2.Dcm,1808,2866
/Users/Usuario/Code/master/tfm/res/dataset/lumos_x_001_280_dcm/lumos_x_073/lumos_x_073_1.Dcm,1792,3001
/Users/Usuario/Code/master/tfm/res/dataset/lumos_x_001_280_dcm/lumos_x_073/lumos_x_073_2.Dcm,1925,3001
/Users/Usuario/Code/master/tfm/res/dataset/lumos_x_001_280_dcm/lumos_x_241/lumos_x_241_1.Dcm,1532,2638
/Users/Usuario/Code/master/tfm/res/dataset/lumos_x_001_280_dcm/lumos_x_241/lumos_x_241_2.Dcm,1984,2977
/Users/Usuario/Code/master/tfm/res/dataset/lumos_x_001_280_dcm/lumos_x_010/lumos_x_010_1.Dcm,1800,2725
/Users/Usuario/Code/master/tfm/res/dataset/lumos_x_001_280_dcm/lumos_x_010/lumos_x_010_2.Dcm,1721,2687
/Users/Usuario/Code/master/tfm/res/dataset/lumos_x_001_280_dcm/lumos_x_222/lumos_x_222_1.Dcm,1726,2855
/Users/Usuario/Code/master/tfm/res/dataset/lumos_x_001_280_dcm/lumos_x_222/lumos_x_222_2.Dcm,1725,2860
/Users/Usuario/Code/master/tfm/res/dataset/lumos_x_001_280_dcm/lumos_x_028/lumos_x_028_1.Dcm,1771,2954
/Users/Usuario/Code/master/tfm/res/dataset/lumos_x_001_280_dcm/lumos_x_028/lumos_x_028_2.Dcm,1762,2959
/Users/Usuario/Code/master/tfm/res/dataset/lumos_x_001_280_dcm/lumos_x_225/lumos_x_225_1.Dcm,1783,3001
/Users/Usuario/Code/master/tfm/res/dataset/lumos_x_001_280_dcm/lumos_x_225/lumos_x_225_2.Dcm,1806,3001
/Users/Usuario/Code/master/tfm/res/dataset/lumos_x_001_280_dcm/lumos_x_017/lumos_x_017_1.Dcm,1713,2702
/Users/Usuario/Code/master/tfm/res/dataset/lumos_x_001_280_dcm/lumos_x_017/lumos_x_017_2.Dcm,2715,2715
/Users/Usuario/Code/master/tfm/res/dataset/lumos_x_001_280_dcm/lumos_x_213/lumos_x_213_1.Dcm,1717,2977
/Users/Usuario/Code/master/tfm/res/dataset/lumos_x_001_280_dcm/lumos_x_213/lumos_x_213_2.Dcm,1699,2981
/Users/Usuario/Code/master/tfm/res/dataset/lumos_x_001_280_dcm/lumos_x_021/lumos_x_021_1.Dcm,1748,2991
/Users/Usuario/Code/master/tfm/res/dataset/lumos_x_001_280_dcm/lumos_x_021/lumos_x_021_2.Dcm,1866,3001
/Users/Usuario/Code/master/tfm/res/dataset/lumos_x_001_280_dcm/lumos_x_019/lumos_x_019_1.Dcm,1701,2990
/Users/Usuario/Code/master/tfm/res/dataset/lumos_x_001_280_dcm/lumos_x_019/lumos_x_019_2.Dcm,2580,2978
/Users/Usuario/Code/master/tfm/res/dataset/lumos_x_001_280_dcm/lumos_x_026/lumos_x_026_1.Dcm,1778,2980
/Users/Usuario/Code/master/tfm/res/dataset/lumos_x_001_280_dcm/lumos_x_026/lumos_x_026_2.Dcm,1714,3001
/Users/Usuario/Code/master/tfm/res/dataset/lumos_x_001_280_dcm/lumos_x_214/lumos_x_214_1.Dcm,1781,2977
/Users/Usuario/Code/master/tfm/res/dataset/lumos_x_001_280_dcm/lumos_x_214/lumos_x_214_2.Dcm,1849,3001
/Users/Usuario/Code/master/tfm/res/dataset/lumos_x_001_280_dcm/lumos_x_240/lumos_x_240_1.Dcm,2502,2904
/Users/Usuario/Code/master/tfm/res/dataset/lumos_x_001_280_dcm/lumos_x_240/lumos_x_240_2.Dcm,2433,2910
/Users/Usuario/Code/master/tfm/res/dataset/lumos_x_001_280_dcm/lumos_x_072/lumos_x_072_1.Dcm,1724,2964
/Users/Usuario/Code/master/tfm/res/dataset/lumos_x_001_280_dcm/lumos_x_072/lumos_x_072_2.Dcm,1741,2966
/Users/Usuario/Code/master/tfm/res/dataset/lumos_x_001_280_dcm/lumos_x_086/lumos_x_086_1.Dcm,1607,2684
/Users/Usuario/Code/master/tfm/res/dataset/lumos_x_001_280_dcm/lumos_x_086/lumos_x_086_2.Dcm,1771,2978
/Users/Usuario/Code/master/tfm/res/dataset/lumos_x_001_280_dcm/lumos_x_081/lumos_x_081_1.Dcm,1575,2707
/Users/Usuario/Code/master/tfm/res/dataset/lumos_x_001_280_dcm/lumos_x_081/lumos_x_081_2.Dcm,1918,2388
/Users/Usuario/Code/master/tfm/res/dataset/lumos_x_001_280_dcm/lumos_x_075/lumos_x_075_1.Dcm,2072,3320
/Users/Usuario/Code/master/tfm/res/dataset/lumos_x_001_280_dcm/lumos_x_075/lumos_x_075_2.Dcm,2103,3320
/Users/Usuario/Code/master/tfm/res/dataset/lumos_x_001_280_dcm/lumos_x_247/lumos_x_247_1.Dcm,1795,3001
/Users/Usuario/Code/master/tfm/res/dataset/lumos_x_001_280_dcm/lumos_x_247/lumos_x_247_2.Dcm,1796,3001
/Users/Usuario/Code/master/tfm/res/dataset/lumos_x_001_280_dcm/lumos_x_278/lumos_x_278_1.Dcm,1842,2858
/Users/Usuario/Code/master/tfm/res/dataset/lumos_x_001_280_dcm/lumos_x_278/lumos_x_278_2.Dcm,2114,2882
/Users/Usuario/Code/master/tfm/res/dataset/lumos_x_001_280_dcm/lumos_x_043/lumos_x_043_1.Dcm,2002,1869
/Users/Usuario/Code/master/tfm/res/dataset/lumos_x_001_280_dcm/lumos_x_043/lumos_x_043_2.Dcm,1858,2076
/Users/Usuario/Code/master/tfm/res/dataset/lumos_x_001_280_dcm/lumos_x_271/lumos_x_271_1.Dcm,1712,2979
/Users/Usuario/Code/master/tfm/res/dataset/lumos_x_001_280_dcm/lumos_x_271/lumos_x_271_2.Dcm,1653,2583
/Users/Usuario/Code/master/tfm/res/dataset/lumos_x_001_280_dcm/lumos_x_088/lumos_x_088_1.Dcm,1751,2990
/Users/Usuario/Code/master/tfm/res/dataset/lumos_x_001_280_dcm/lumos_x_088/lumos_x_088_2.Dcm,2051,2993
/Users/Usuario/Code/master/tfm/res/dataset/lumos_x_001_280_dcm/lumos_x_276/lumos_x_276_1.Dcm,1483,3001
/Users/Usuario/Code/master/tfm/res/dataset/lumos_x_001_280_dcm/lumos_x_276/lumos_x_276_2.Dcm,1739,2977
/Users/Usuario/Code/master/tfm/res/dataset/lumos_x_001_280_dcm/lumos_x_044/lumos_x_044_1.Dcm,2000,3001
/Users/Usuario/Code/master/tfm/res/dataset/lumos_x_001_280_dcm/lumos_x_044/lumos_x_044_2.Dcm,2229,3001
/Users/Usuario/Code/master/tfm/res/dataset/lumos_x_001_280_dcm/lumos_x_249/lumos_x_249_1.Dcm,1712,2918
/Users/Usuario/Code/master/tfm/res/dataset/lumos_x_001_280_dcm/lumos_x_249/lumos_x_249_2.Dcm,2004,2926
